{"resourceType":"ImplementationGuide","id":"saig","text":{"status":"extensions","div":"<div xmlns=\"http://www.w3.org/1999/xhtml\"><h2>SAIG</h2><p>The official URL for this implementation guide is: </p><pre>http://www.fhir.org/guides/saig/ImplementationGuide/saig</pre><div><p>This is a <strong>Healthedata1</strong> sandbox for creation of Screenings and Assessments resources and examples</p>\n</div></div>"},"extension":[{"url":"http://hl7.org/fhir/StructureDefinition/structuredefinition-standards-status","valueCode":"trial-use"},{"url":"http://hl7.org/fhir/StructureDefinition/structuredefinition-fmm","valueInteger":0}],"url":"http://www.fhir.org/guides/saig/ImplementationGuide/saig","version":"0.0.0","name":"SAIG","title":"Screenings and Assessments Implementation Guide","status":"active","date":"2023-02-28T11:05:53-08:00","publisher":"Health eData Inc","contact":[{"telecom":[{"system":"email","value":"mailto:ehaas@healthedatainc.com"}]}],"description":"This is a **Healthedata1** sandbox for creation of Screenings and Assessments resources and examples","packageId":"saig","license":"CC0-1.0","fhirVersion":["4.0.1"],"dependsOn":[{"id":"hl7tx","extension":[{"url":"http://hl7.org/fhir/tools/StructureDefinition/implementationguide-dependency-comment","valueMarkdown":"Automatically added as a dependency - all IGs depend on HL7 Terminology"}],"uri":"http://terminology.hl7.org/ImplementationGuide/hl7.terminology","packageId":"hl7.terminology.r4","version":"5.0.0"},{"id":"hl7_fhir_us_core","uri":"http://hl7.org/fhir/us/core/ImplementationGuide/hl7.fhir.us.core","packageId":"hl7.fhir.us.core","version":"5.0.1"},{"id":"hl7_fhir_uv_sdc","uri":"http://hl7.org/fhir/uv/sdc/ImplementationGuide/hl7.fhir.uv.sdc","packageId":"hl7.fhir.uv.sdc","version":"3.0.0"},{"id":"hl7_fhir_uv_bulkdata","uri":"http://hl7.org/fhir/uv/bulkdata/ImplementationGuide/hl7.fhir.uv.bulkdata","packageId":"hl7.fhir.uv.bulkdata","version":"2.0.0"},{"id":"hl7_fhir_uv_smart_app_launch","uri":"http://hl7.org/fhir/smart-app-launch/ImplementationGuide/hl7.fhir.uv.smart-app-launch","packageId":"hl7.fhir.uv.smart-app-launch","version":"2.0.0"},{"id":"vsac","uri":"http://fhir.org/packages/us.nlm.vsac/ImplementationGuide/us.nlm.vsac","packageId":"us.nlm.vsac","version":"0.3.0"},{"id":"uscdcphinvads","uri":"http://fhir.org/packages/us.cdc.phinvads/ImplementationGuide/us.cdc.phinvads","packageId":"us.cdc.phinvads","version":"0.12.0"}],"definition":{"extension":[{"extension":[{"url":"code","valueString":"copyrightyear"},{"url":"value","valueString":"2023+"}],"url":"http://hl7.org/fhir/tools/StructureDefinition/ig-parameter"},{"extension":[{"url":"code","valueString":"releaselabel"},{"url":"value","valueString":"CI Build"}],"url":"http://hl7.org/fhir/tools/StructureDefinition/ig-parameter"},{"extension":[{"url":"code","valueString":"path-expansion-params"},{"url":"value","valueString":"../../input/_resources/exp-params.json"}],"url":"http://hl7.org/fhir/tools/StructureDefinition/ig-parameter"},{"extension":[{"url":"code","valueString":"show-inherited-invariants"},{"url":"value","valueString":"true"}],"url":"http://hl7.org/fhir/tools/StructureDefinition/ig-parameter"},{"extension":[{"url":"code","valueString":"usage-stats-opt-out"},{"url":"value","valueString":"false"}],"url":"http://hl7.org/fhir/tools/StructureDefinition/ig-parameter"},{"extension":[{"url":"code","valueString":"path-output"},{"url":"value","valueString":"docs"}],"url":"http://hl7.org/fhir/tools/StructureDefinition/ig-parameter"},{"extension":[{"url":"code","valueString":"excludexml"},{"url":"value","valueString":"true"}],"url":"http://hl7.org/fhir/tools/StructureDefinition/ig-parameter"},{"extension":[{"url":"code","valueString":"escludejsn"},{"url":"value","valueString":"false"}],"url":"http://hl7.org/fhir/tools/StructureDefinition/ig-parameter"},{"extension":[{"url":"code","valueString":"excludettl"},{"url":"value","valueString":"true"}],"url":"http://hl7.org/fhir/tools/StructureDefinition/ig-parameter"},{"extension":[{"url":"code","valueString":"excludemap"},{"url":"value","valueString":"true"}],"url":"http://hl7.org/fhir/tools/StructureDefinition/ig-parameter"},{"extension":[{"url":"code","valueString":"excludeexample"},{"url":"value","valueString":"true"}],"url":"http://hl7.org/fhir/tools/StructureDefinition/ig-parameter"},{"extension":[{"url":"code","valueString":"autoload-resources"},{"url":"value","valueString":"true"}],"url":"http://hl7.org/fhir/tools/StructureDefinition/ig-parameter"},{"extension":[{"url":"code","valueString":"path-liquid"},{"url":"value","valueString":"template/liquid"}],"url":"http://hl7.org/fhir/tools/StructureDefinition/ig-parameter"},{"extension":[{"url":"code","valueString":"path-liquid"},{"url":"value","valueString":"input/liquid"}],"url":"http://hl7.org/fhir/tools/StructureDefinition/ig-parameter"},{"extension":[{"url":"code","valueString":"path-qa"},{"url":"value","valueString":"temp/qa"}],"url":"http://hl7.org/fhir/tools/StructureDefinition/ig-parameter"},{"extension":[{"url":"code","valueString":"path-temp"},{"url":"value","valueString":"temp/pages"}],"url":"http://hl7.org/fhir/tools/StructureDefinition/ig-parameter"},{"extension":[{"url":"code","valueString":"path-suppressed-warnings"},{"url":"value","valueString":"input/ignoreWarnings.txt"}],"url":"http://hl7.org/fhir/tools/StructureDefinition/ig-parameter"},{"extension":[{"url":"code","valueString":"path-history"},{"url":"value","valueString":"http://www.fhir.org/guides/saig/history.html"}],"url":"http://hl7.org/fhir/tools/StructureDefinition/ig-parameter"},{"extension":[{"url":"code","valueString":"template-html"},{"url":"value","valueString":"template-page.html"}],"url":"http://hl7.org/fhir/tools/StructureDefinition/ig-parameter"},{"extension":[{"url":"code","valueString":"template-md"},{"url":"value","valueString":"template-page-md.html"}],"url":"http://hl7.org/fhir/tools/StructureDefinition/ig-parameter"},{"extension":[{"url":"code","valueString":"apply-contact"},{"url":"value","valueString":"true"}],"url":"http://hl7.org/fhir/tools/StructureDefinition/ig-parameter"},{"extension":[{"url":"code","valueString":"apply-context"},{"url":"value","valueString":"true"}],"url":"http://hl7.org/fhir/tools/StructureDefinition/ig-parameter"},{"extension":[{"url":"code","valueString":"apply-copyright"},{"url":"value","valueString":"true"}],"url":"http://hl7.org/fhir/tools/StructureDefinition/ig-parameter"},{"extension":[{"url":"code","valueString":"apply-jurisdiction"},{"url":"value","valueString":"true"}],"url":"http://hl7.org/fhir/tools/StructureDefinition/ig-parameter"},{"extension":[{"url":"code","valueString":"apply-license"},{"url":"value","valueString":"true"}],"url":"http://hl7.org/fhir/tools/StructureDefinition/ig-parameter"},{"extension":[{"url":"code","valueString":"apply-publisher"},{"url":"value","valueString":"true"}],"url":"http://hl7.org/fhir/tools/StructureDefinition/ig-parameter"},{"extension":[{"url":"code","valueString":"apply-version"},{"url":"value","valueString":"true"}],"url":"http://hl7.org/fhir/tools/StructureDefinition/ig-parameter"},{"extension":[{"url":"code","valueString":"active-tables"},{"url":"value","valueString":"true"}],"url":"http://hl7.org/fhir/tools/StructureDefinition/ig-parameter"},{"extension":[{"url":"code","valueString":"fmm-definition"},{"url":"value","valueString":"http://hl7.org/fhir/versions.html#maturity"}],"url":"http://hl7.org/fhir/tools/StructureDefinition/ig-parameter"},{"extension":[{"url":"code","valueString":"propagate-status"},{"url":"value","valueString":"true"}],"url":"http://hl7.org/fhir/tools/StructureDefinition/ig-parameter"},{"extension":[{"url":"code","valueString":"excludelogbinaryformat"},{"url":"value","valueString":"true"}],"url":"http://hl7.org/fhir/tools/StructureDefinition/ig-parameter"},{"extension":[{"url":"code","valueString":"tabbed-snapshots"},{"url":"value","valueString":"true"}],"url":"http://hl7.org/fhir/tools/StructureDefinition/ig-parameter"},{"extension":[{"url":"code","valueString":"copyrightyear"},{"url":"value","valueString":"2023+"}],"url":"http://hl7.org/fhir/tools/StructureDefinition/ig-parameter"},{"extension":[{"url":"code","valueString":"releaselabel"},{"url":"value","valueString":"CI Build"}],"url":"http://hl7.org/fhir/tools/StructureDefinition/ig-parameter"},{"extension":[{"url":"code","valueString":"path-expansion-params"},{"url":"value","valueString":"../../input/_resources/exp-params.json"}],"url":"http://hl7.org/fhir/tools/StructureDefinition/ig-parameter"},{"extension":[{"url":"code","valueString":"show-inherited-invariants"},{"url":"value","valueString":"true"}],"url":"http://hl7.org/fhir/tools/StructureDefinition/ig-parameter"},{"extension":[{"url":"code","valueString":"usage-stats-opt-out"},{"url":"value","valueString":"false"}],"url":"http://hl7.org/fhir/tools/StructureDefinition/ig-parameter"},{"extension":[{"url":"code","valueString":"path-output"},{"url":"value","valueString":"docs"}],"url":"http://hl7.org/fhir/tools/StructureDefinition/ig-parameter"},{"extension":[{"url":"code","valueString":"excludexml"},{"url":"value","valueString":"true"}],"url":"http://hl7.org/fhir/tools/StructureDefinition/ig-parameter"},{"extension":[{"url":"code","valueString":"escludejsn"},{"url":"value","valueString":"false"}],"url":"http://hl7.org/fhir/tools/StructureDefinition/ig-parameter"},{"extension":[{"url":"code","valueString":"excludettl"},{"url":"value","valueString":"true"}],"url":"http://hl7.org/fhir/tools/StructureDefinition/ig-parameter"},{"extension":[{"url":"code","valueString":"excludemap"},{"url":"value","valueString":"true"}],"url":"http://hl7.org/fhir/tools/StructureDefinition/ig-parameter"},{"extension":[{"url":"code","valueString":"excludeexample"},{"url":"value","valueString":"true"}],"url":"http://hl7.org/fhir/tools/StructureDefinition/ig-parameter"},{"extension":[{"url":"code","valueString":"autoload-resources"},{"url":"value","valueString":"true"}],"url":"http://hl7.org/fhir/tools/StructureDefinition/ig-parameter"},{"extension":[{"url":"code","valueString":"path-liquid"},{"url":"value","valueString":"template/liquid"}],"url":"http://hl7.org/fhir/tools/StructureDefinition/ig-parameter"},{"extension":[{"url":"code","valueString":"path-liquid"},{"url":"value","valueString":"input/liquid"}],"url":"http://hl7.org/fhir/tools/StructureDefinition/ig-parameter"},{"extension":[{"url":"code","valueString":"path-qa"},{"url":"value","valueString":"temp/qa"}],"url":"http://hl7.org/fhir/tools/StructureDefinition/ig-parameter"},{"extension":[{"url":"code","valueString":"path-temp"},{"url":"value","valueString":"temp/pages"}],"url":"http://hl7.org/fhir/tools/StructureDefinition/ig-parameter"},{"extension":[{"url":"code","valueString":"path-suppressed-warnings"},{"url":"value","valueString":"input/ignoreWarnings.txt"}],"url":"http://hl7.org/fhir/tools/StructureDefinition/ig-parameter"},{"extension":[{"url":"code","valueString":"path-history"},{"url":"value","valueString":"http://www.fhir.org/guides/saig/history.html"}],"url":"http://hl7.org/fhir/tools/StructureDefinition/ig-parameter"},{"extension":[{"url":"code","valueString":"template-html"},{"url":"value","valueString":"template-page.html"}],"url":"http://hl7.org/fhir/tools/StructureDefinition/ig-parameter"},{"extension":[{"url":"code","valueString":"template-md"},{"url":"value","valueString":"template-page-md.html"}],"url":"http://hl7.org/fhir/tools/StructureDefinition/ig-parameter"},{"extension":[{"url":"code","valueString":"apply-contact"},{"url":"value","valueString":"true"}],"url":"http://hl7.org/fhir/tools/StructureDefinition/ig-parameter"},{"extension":[{"url":"code","valueString":"apply-context"},{"url":"value","valueString":"true"}],"url":"http://hl7.org/fhir/tools/StructureDefinition/ig-parameter"},{"extension":[{"url":"code","valueString":"apply-copyright"},{"url":"value","valueString":"true"}],"url":"http://hl7.org/fhir/tools/StructureDefinition/ig-parameter"},{"extension":[{"url":"code","valueString":"apply-jurisdiction"},{"url":"value","valueString":"true"}],"url":"http://hl7.org/fhir/tools/StructureDefinition/ig-parameter"},{"extension":[{"url":"code","valueString":"apply-license"},{"url":"value","valueString":"true"}],"url":"http://hl7.org/fhir/tools/StructureDefinition/ig-parameter"},{"extension":[{"url":"code","valueString":"apply-publisher"},{"url":"value","valueString":"true"}],"url":"http://hl7.org/fhir/tools/StructureDefinition/ig-parameter"},{"extension":[{"url":"code","valueString":"apply-version"},{"url":"value","valueString":"true"}],"url":"http://hl7.org/fhir/tools/StructureDefinition/ig-parameter"},{"extension":[{"url":"code","valueString":"active-tables"},{"url":"value","valueString":"true"}],"url":"http://hl7.org/fhir/tools/StructureDefinition/ig-parameter"},{"extension":[{"url":"code","valueString":"fmm-definition"},{"url":"value","valueString":"http://hl7.org/fhir/versions.html#maturity"}],"url":"http://hl7.org/fhir/tools/StructureDefinition/ig-parameter"},{"extension":[{"url":"code","valueString":"propagate-status"},{"url":"value","valueString":"true"}],"url":"http://hl7.org/fhir/tools/StructureDefinition/ig-parameter"},{"extension":[{"url":"code","valueString":"excludelogbinaryformat"},{"url":"value","valueString":"true"}],"url":"http://hl7.org/fhir/tools/StructureDefinition/ig-parameter"},{"extension":[{"url":"code","valueString":"tabbed-snapshots"},{"url":"value","valueString":"true"}],"url":"http://hl7.org/fhir/tools/StructureDefinition/ig-parameter"},{"extension":[{"url":"code","valueString":"copyrightyear"},{"url":"value","valueString":"2023+"}],"url":"http://hl7.org/fhir/tools/StructureDefinition/ig-parameter"},{"extension":[{"url":"code","valueString":"releaselabel"},{"url":"value","valueString":"CI Build"}],"url":"http://hl7.org/fhir/tools/StructureDefinition/ig-parameter"},{"extension":[{"url":"code","valueString":"path-expansion-params"},{"url":"value","valueString":"../../input/_resources/exp-params.json"}],"url":"http://hl7.org/fhir/tools/StructureDefinition/ig-parameter"},{"extension":[{"url":"code","valueString":"show-inherited-invariants"},{"url":"value","valueString":"true"}],"url":"http://hl7.org/fhir/tools/StructureDefinition/ig-parameter"},{"extension":[{"url":"code","valueString":"usage-stats-opt-out"},{"url":"value","valueString":"false"}],"url":"http://hl7.org/fhir/tools/StructureDefinition/ig-parameter"},{"extension":[{"url":"code","valueString":"path-output"},{"url":"value","valueString":"docs"}],"url":"http://hl7.org/fhir/tools/StructureDefinition/ig-parameter"},{"extension":[{"url":"code","valueString":"excludexml"},{"url":"value","valueString":"true"}],"url":"http://hl7.org/fhir/tools/StructureDefinition/ig-parameter"},{"extension":[{"url":"code","valueString":"escludejsn"},{"url":"value","valueString":"false"}],"url":"http://hl7.org/fhir/tools/StructureDefinition/ig-parameter"},{"extension":[{"url":"code","valueString":"excludettl"},{"url":"value","valueString":"true"}],"url":"http://hl7.org/fhir/tools/StructureDefinition/ig-parameter"},{"extension":[{"url":"code","valueString":"excludemap"},{"url":"value","valueString":"true"}],"url":"http://hl7.org/fhir/tools/StructureDefinition/ig-parameter"},{"extension":[{"url":"code","valueString":"excludeexample"},{"url":"value","valueString":"true"}],"url":"http://hl7.org/fhir/tools/StructureDefinition/ig-parameter"},{"extension":[{"url":"code","valueString":"autoload-resources"},{"url":"value","valueString":"true"}],"url":"http://hl7.org/fhir/tools/StructureDefinition/ig-parameter"},{"extension":[{"url":"code","valueString":"path-liquid"},{"url":"value","valueString":"template/liquid"}],"url":"http://hl7.org/fhir/tools/StructureDefinition/ig-parameter"},{"extension":[{"url":"code","valueString":"path-liquid"},{"url":"value","valueString":"input/liquid"}],"url":"http://hl7.org/fhir/tools/StructureDefinition/ig-parameter"},{"extension":[{"url":"code","valueString":"path-qa"},{"url":"value","valueString":"temp/qa"}],"url":"http://hl7.org/fhir/tools/StructureDefinition/ig-parameter"},{"extension":[{"url":"code","valueString":"path-temp"},{"url":"value","valueString":"temp/pages"}],"url":"http://hl7.org/fhir/tools/StructureDefinition/ig-parameter"},{"extension":[{"url":"code","valueString":"path-suppressed-warnings"},{"url":"value","valueString":"input/ignoreWarnings.txt"}],"url":"http://hl7.org/fhir/tools/StructureDefinition/ig-parameter"},{"extension":[{"url":"code","valueString":"path-history"},{"url":"value","valueString":"http://www.fhir.org/guides/saig/history.html"}],"url":"http://hl7.org/fhir/tools/StructureDefinition/ig-parameter"},{"extension":[{"url":"code","valueString":"template-html"},{"url":"value","valueString":"template-page.html"}],"url":"http://hl7.org/fhir/tools/StructureDefinition/ig-parameter"},{"extension":[{"url":"code","valueString":"template-md"},{"url":"value","valueString":"template-page-md.html"}],"url":"http://hl7.org/fhir/tools/StructureDefinition/ig-parameter"},{"extension":[{"url":"code","valueString":"apply-contact"},{"url":"value","valueString":"true"}],"url":"http://hl7.org/fhir/tools/StructureDefinition/ig-parameter"},{"extension":[{"url":"code","valueString":"apply-context"},{"url":"value","valueString":"true"}],"url":"http://hl7.org/fhir/tools/StructureDefinition/ig-parameter"},{"extension":[{"url":"code","valueString":"apply-copyright"},{"url":"value","valueString":"true"}],"url":"http://hl7.org/fhir/tools/StructureDefinition/ig-parameter"},{"extension":[{"url":"code","valueString":"apply-jurisdiction"},{"url":"value","valueString":"true"}],"url":"http://hl7.org/fhir/tools/StructureDefinition/ig-parameter"},{"extension":[{"url":"code","valueString":"apply-license"},{"url":"value","valueString":"true"}],"url":"http://hl7.org/fhir/tools/StructureDefinition/ig-parameter"},{"extension":[{"url":"code","valueString":"apply-publisher"},{"url":"value","valueString":"true"}],"url":"http://hl7.org/fhir/tools/StructureDefinition/ig-parameter"},{"extension":[{"url":"code","valueString":"apply-version"},{"url":"value","valueString":"true"}],"url":"http://hl7.org/fhir/tools/StructureDefinition/ig-parameter"},{"extension":[{"url":"code","valueString":"active-tables"},{"url":"value","valueString":"true"}],"url":"http://hl7.org/fhir/tools/StructureDefinition/ig-parameter"},{"extension":[{"url":"code","valueString":"fmm-definition"},{"url":"value","valueString":"http://hl7.org/fhir/versions.html#maturity"}],"url":"http://hl7.org/fhir/tools/StructureDefinition/ig-parameter"},{"extension":[{"url":"code","valueString":"propagate-status"},{"url":"value","valueString":"true"}],"url":"http://hl7.org/fhir/tools/StructureDefinition/ig-parameter"},{"extension":[{"url":"code","valueString":"excludelogbinaryformat"},{"url":"value","valueString":"true"}],"url":"http://hl7.org/fhir/tools/StructureDefinition/ig-parameter"},{"extension":[{"url":"code","valueString":"tabbed-snapshots"},{"url":"value","valueString":"true"}],"url":"http://hl7.org/fhir/tools/StructureDefinition/ig-parameter"}],"grouping":[{"id":"-str-extension","name":"Structures: Extension Definitions","description":"These define constraints on FHIR data types for systems conforming to this implementation guide."},{"id":"-ex-example","name":"Example: Example Instances","description":"These are example instances that show what data produced and consumed by systems conforming with this implementation guide might look like."}],"resource":[{"extension":[{"url":"http://hl7.org/fhir/StructureDefinition/implementationguide-page","valueUri":"StructureDefinition-observation-questionnaire.html"}],"reference":{"reference":"StructureDefinition/observation-questionnaire"},"name":"Observation Questionnaire Extension","description":"Reference to source Questionnaire that defines the question that this Observation answers or the group or panel of questions that this Observation represents","exampleBoolean":false,"groupingId":"-str-extension"},{"extension":[{"url":"http://hl7.org/fhir/StructureDefinition/implementationguide-page","valueUri":"DocumentReference-example1phq-2questionnaire.html"}],"reference":{"reference":"DocumentReference/example1phq-2questionnaire"},"name":"DocRef Example1PHQ-2Questionnaire","description":"This is a an example of Example1PHQ-2Questionnaire  for the *US Core DocumentReference Profile*","exampleCanonical":"http://hl7.org/fhir/us/core/StructureDefinition/us-core-documentreference","groupingId":"-ex-example"},{"extension":[{"url":"http://hl7.org/fhir/StructureDefinition/implementationguide-page","valueUri":"DocumentReference-example2ahn-hrsnquestionnaire.html"}],"reference":{"reference":"DocumentReference/example2ahn-hrsnquestionnaire"},"name":"DocRef Example2AHN-HRSNQuestionnaire","description":"This is a an example of Example2AHN-HRSNQuestionnaire  for the *US Core DocumentReference Profile*","exampleCanonical":"http://hl7.org/fhir/us/core/StructureDefinition/us-core-documentreference","groupingId":"-ex-example"},{"extension":[{"url":"http://hl7.org/fhir/StructureDefinition/implementationguide-page","valueUri":"DocumentReference-example3praparequestionnaire.html"}],"reference":{"reference":"DocumentReference/example3praparequestionnaire"},"name":"DocRef Example3PRAPAREQuestionnaire","description":"This is a an example of Example3PRAPAREQuestionnaire  for the *US Core DocumentReference Profile*","exampleCanonical":"http://hl7.org/fhir/us/core/StructureDefinition/us-core-documentreference","groupingId":"-ex-example"},{"extension":[{"url":"http://hl7.org/fhir/StructureDefinition/implementationguide-page","valueUri":"Questionnaire-55757-9.html"}],"reference":{"reference":"Questionnaire/55757-9"},"name":"Example 1 PHQ-2 Questionnaire","description":"Example 1 PHQ-2 Questionnaire","exampleCanonical":"http://hl7.org/fhir/uv/sdc/StructureDefinition/sdc-questionnaire","groupingId":"-ex-example"},{"extension":[{"url":"http://hl7.org/fhir/StructureDefinition/implementationguide-page","valueUri":"QuestionnaireResponse-5770517.html"}],"reference":{"reference":"QuestionnaireResponse/5770517"},"name":"Example 1 PHQ-2 QuestionnaireResponse","description":"Example 1 PHQ-2 QuestionnaireResponse","exampleCanonical":"http://hl7.org/fhir/uv/sdc/StructureDefinition/sdc-questionnaireresponse","groupingId":"-ex-example"},{"extension":[{"url":"http://hl7.org/fhir/StructureDefinition/implementationguide-page","valueUri":"Questionnaire-96777-8.html"}],"reference":{"reference":"Questionnaire/96777-8"},"name":"Example 2 AHN-HRSN Questionnaire","description":"Example 2 AHN-HRSN Questionnaire","exampleCanonical":"http://hl7.org/fhir/uv/sdc/StructureDefinition/sdc-questionnaire","groupingId":"-ex-example"},{"extension":[{"url":"http://hl7.org/fhir/StructureDefinition/implementationguide-page","valueUri":"Questionnaire-CUST-PNL.html"}],"reference":{"reference":"Questionnaire/CUST-PNL"},"name":"Example 2 Custom Form","description":"Example 2 Custom Form","exampleBoolean":true,"groupingId":"-ex-example"},{"extension":[{"url":"http://hl7.org/fhir/StructureDefinition/implementationguide-page","valueUri":"Questionnaire-93025-5.html"}],"reference":{"reference":"Questionnaire/93025-5"},"name":"Example 3 PRAPARE Questionnaire","description":"Example 3 PRAPARE Questionnaire","exampleCanonical":"http://hl7.org/fhir/uv/sdc/StructureDefinition/sdc-questionnaire","groupingId":"-ex-example"},{"extension":[{"url":"http://hl7.org/fhir/StructureDefinition/implementationguide-page","valueUri":"Observation-CSV-AHN-HRSNExample2-71802-3.html"}],"reference":{"reference":"Observation/CSV-AHN-HRSNExample2-71802-3"},"name":"Csv-Ahn-Hrsnexample2-71802-3","description":"This is a an example of 71802-3 Housing status for the *US Core Observation Screening Assessment Profile*","exampleBoolean":true,"groupingId":"-ex-example"},{"extension":[{"url":"http://hl7.org/fhir/StructureDefinition/implementationguide-page","valueUri":"Observation-CSV-AHN-HRSNExample2-88122-7.html"}],"reference":{"reference":"Observation/CSV-AHN-HRSNExample2-88122-7"},"name":"Csv-Ahn-Hrsnexample2-88122-7","description":"This is a an example of 88122-7 Within the past 12 months we worried whether our food would run out before we got money to buy more [U.S. FSS] for the *US Core Observation Screening Assessment Profile*","exampleBoolean":true,"groupingId":"-ex-example"},{"extension":[{"url":"http://hl7.org/fhir/StructureDefinition/implementationguide-page","valueUri":"Observation-CSV-AHN-HRSNExample2-88123-5.html"}],"reference":{"reference":"Observation/CSV-AHN-HRSNExample2-88123-5"},"name":"Csv-Ahn-Hrsnexample2-88123-5","description":"This is a an example of 88123-5 Within the past 12 months the food we bought just didn't last and we didn't have money to get more [U.S. FSS] for the *US Core Observation Screening Assessment Profile*","exampleBoolean":true,"groupingId":"-ex-example"},{"extension":[{"url":"http://hl7.org/fhir/StructureDefinition/implementationguide-page","valueUri":"Observation-CSV-AHN-HRSNExample2-93030-5.html"}],"reference":{"reference":"Observation/CSV-AHN-HRSNExample2-93030-5"},"name":"Csv-Ahn-Hrsnexample2-93030-5","description":"This is a an example of 93030-5 Has lack of transportation kept you from medical appointments, meetings, work, or from getting things needed for daily living for the *US Core Observation Screening Assessment Profile*","exampleBoolean":true,"groupingId":"-ex-example"},{"extension":[{"url":"http://hl7.org/fhir/StructureDefinition/implementationguide-page","valueUri":"Observation-CSV-AHN-HRSNExample2-95614-4.html"}],"reference":{"reference":"Observation/CSV-AHN-HRSNExample2-95614-4"},"name":"Csv-Ahn-Hrsnexample2-95614-4","description":"This is a an example of 95614-4 Total score [HITS] for the *US Core Observation Screening Assessment Profile*","exampleBoolean":true,"groupingId":"-ex-example"},{"extension":[{"url":"http://hl7.org/fhir/StructureDefinition/implementationguide-page","valueUri":"Observation-CSV-AHN-HRSNExample2-95615-1.html"}],"reference":{"reference":"Observation/CSV-AHN-HRSNExample2-95615-1"},"name":"Csv-Ahn-Hrsnexample2-95615-1","description":"This is a an example of 95615-1 Scream or curse at you [HITS] for the *US Core Observation Screening Assessment Profile*","exampleBoolean":true,"groupingId":"-ex-example"},{"extension":[{"url":"http://hl7.org/fhir/StructureDefinition/implementationguide-page","valueUri":"Observation-CSV-AHN-HRSNExample2-95616-9.html"}],"reference":{"reference":"Observation/CSV-AHN-HRSNExample2-95616-9"},"name":"Csv-Ahn-Hrsnexample2-95616-9","description":"This is a an example of 95616-9 Threaten you with physical harm [HITS] for the *US Core Observation Screening Assessment Profile*","exampleBoolean":true,"groupingId":"-ex-example"},{"extension":[{"url":"http://hl7.org/fhir/StructureDefinition/implementationguide-page","valueUri":"Observation-CSV-AHN-HRSNExample2-95617-7.html"}],"reference":{"reference":"Observation/CSV-AHN-HRSNExample2-95617-7"},"name":"Csv-Ahn-Hrsnexample2-95617-7","description":"This is a an example of 95617-7 Insult you or talk down to you [HITS] for the *US Core Observation Screening Assessment Profile*","exampleBoolean":true,"groupingId":"-ex-example"},{"extension":[{"url":"http://hl7.org/fhir/StructureDefinition/implementationguide-page","valueUri":"Observation-CSV-AHN-HRSNExample2-95618-5.html"}],"reference":{"reference":"Observation/CSV-AHN-HRSNExample2-95618-5"},"name":"Csv-Ahn-Hrsnexample2-95618-5","description":"This is a an example of 95618-5 Physically hurt you [HITS] for the *US Core Observation Screening Assessment Profile*","exampleBoolean":true,"groupingId":"-ex-example"},{"extension":[{"url":"http://hl7.org/fhir/StructureDefinition/implementationguide-page","valueUri":"Observation-CSV-AHN-HRSNExample2-96777-8.html"}],"reference":{"reference":"Observation/CSV-AHN-HRSNExample2-96777-8"},"name":"Csv-Ahn-Hrsnexample2-96777-8","description":"This is a an example of 96777-8 Accountable health communities (AHC) health-related social needs screening (HRSN) tool for the *US Core Observation Screening Assessment Profile*","exampleBoolean":true,"groupingId":"-ex-example"},{"extension":[{"url":"http://hl7.org/fhir/StructureDefinition/implementationguide-page","valueUri":"Observation-CSV-AHN-HRSNExample2-96778-6.html"}],"reference":{"reference":"Observation/CSV-AHN-HRSNExample2-96778-6"},"name":"Csv-Ahn-Hrsnexample2-96778-6","description":"This is a an example of 96778-6 Problems with place where you live for the *US Core Observation Screening Assessment Profile*","exampleBoolean":true,"groupingId":"-ex-example"},{"extension":[{"url":"http://hl7.org/fhir/StructureDefinition/implementationguide-page","valueUri":"Observation-CSV-AHN-HRSNExample2-96778-6answer-0.html"}],"reference":{"reference":"Observation/CSV-AHN-HRSNExample2-96778-6answer-0"},"name":"Csv-Ahn-Hrsnexample2-96778-6Answer-0","description":"This is a an example of 96778-6[0] Problems with place where you live for the *US Core Observation Screening Assessment Profile*","exampleBoolean":true,"groupingId":"-ex-example"},{"extension":[{"url":"http://hl7.org/fhir/StructureDefinition/implementationguide-page","valueUri":"Observation-CSV-AHN-HRSNExample2-96778-6answer-5.html"}],"reference":{"reference":"Observation/CSV-AHN-HRSNExample2-96778-6answer-5"},"name":"Csv-Ahn-Hrsnexample2-96778-6Answer-5","description":"This is a an example of 96778-6[5] Problems with place where you live for the *US Core Observation Screening Assessment Profile*","exampleBoolean":true,"groupingId":"-ex-example"},{"extension":[{"url":"http://hl7.org/fhir/StructureDefinition/implementationguide-page","valueUri":"Observation-CSV-AHN-HRSNExample2-96778-6answer-6.html"}],"reference":{"reference":"Observation/CSV-AHN-HRSNExample2-96778-6answer-6"},"name":"Csv-Ahn-Hrsnexample2-96778-6Answer-6","description":"This is a an example of 96778-6[6] Problems with place where you live for the *US Core Observation Screening Assessment Profile*","exampleBoolean":true,"groupingId":"-ex-example"},{"extension":[{"url":"http://hl7.org/fhir/StructureDefinition/implementationguide-page","valueUri":"Observation-CSV-AHN-HRSNExample2-96779-4.html"}],"reference":{"reference":"Observation/CSV-AHN-HRSNExample2-96779-4"},"name":"Csv-Ahn-Hrsnexample2-96779-4","description":"This is a an example of 96779-4 Has the electric, gas, oil, or water company threatened to shut off services in your home in past 12 months for the *US Core Observation Screening Assessment Profile*","exampleBoolean":true,"groupingId":"-ex-example"},{"extension":[{"url":"http://hl7.org/fhir/StructureDefinition/implementationguide-page","valueUri":"Observation-CSV-PHQ-2Example1-44250-9.html"}],"reference":{"reference":"Observation/CSV-PHQ-2Example1-44250-9"},"name":"Csv-Phq-2Example1-44250-9","description":"This is a an example of 44250-9 Little interest or pleasure in doing things in last 2 weeks for the *US Core Observation Screening Assessment Profile*","exampleBoolean":true,"groupingId":"-ex-example"},{"extension":[{"url":"http://hl7.org/fhir/StructureDefinition/implementationguide-page","valueUri":"Observation-CSV-PHQ-2Example1-44255-8.html"}],"reference":{"reference":"Observation/CSV-PHQ-2Example1-44255-8"},"name":"Csv-Phq-2Example1-44255-8","description":"This is a an example of 44255-8 Feeling down, depressed, or hopeless in last 2 weeks for the *US Core Observation Screening Assessment Profile*","exampleBoolean":true,"groupingId":"-ex-example"},{"extension":[{"url":"http://hl7.org/fhir/StructureDefinition/implementationguide-page","valueUri":"Observation-CSV-PHQ-2Example1-55757-9.html"}],"reference":{"reference":"Observation/CSV-PHQ-2Example1-55757-9"},"name":"Csv-Phq-2Example1-55757-9","description":"This is a an example of 55757-9 Patient Health Questionnaire 2 item (PHQ-2) [Reported] for the *US Core Observation Screening Assessment Profile*","exampleBoolean":true,"groupingId":"-ex-example"},{"extension":[{"url":"http://hl7.org/fhir/StructureDefinition/implementationguide-page","valueUri":"Observation-CSV-PHQ-2Example1-55758-7.html"}],"reference":{"reference":"Observation/CSV-PHQ-2Example1-55758-7"},"name":"Csv-Phq-2Example1-55758-7","description":"This is a an example of 55758-7 Patient Health Questionnaire 2 item (PHQ-2) total score [Reported] for the *US Core Observation Screening Assessment Profile*","exampleBoolean":true,"groupingId":"-ex-example"},{"extension":[{"url":"http://hl7.org/fhir/StructureDefinition/implementationguide-page","valueUri":"Observation-PHQ2-item-example-44250-9.html"}],"reference":{"reference":"Observation/PHQ2-item-example-44250-9"},"name":"Phq2 Item Example 44250-9","description":"This is a Phq2 Item Example 44250-9 (Little interest or pleasure in doing things) for the *US Core Observation Screening Assessment Profile*","exampleBoolean":true,"groupingId":"-ex-example"},{"extension":[{"url":"http://hl7.org/fhir/StructureDefinition/implementationguide-page","valueUri":"Observation-PHQ2-item-example-44255-8.html"}],"reference":{"reference":"Observation/PHQ2-item-example-44255-8"},"name":"Phq2 Item Example 44255-8","description":"This is a Phq2 Item Example 44255-8 (Feeling down, depressed, or hopeless) for the *US Core Observation Screening Assessment Profile*","exampleBoolean":true,"groupingId":"-ex-example"},{"extension":[{"url":"http://hl7.org/fhir/StructureDefinition/implementationguide-page","valueUri":"Observation-PHQ2-item-example-55758-7.html"}],"reference":{"reference":"Observation/PHQ2-item-example-55758-7"},"name":"Phq2 Item Example 55758-7","description":"This is a Phq2 Item Example 55758-7 (Patient health questionnaire 2 item total score) for the *US Core Observation Screening Assessment Profile*","exampleBoolean":true,"groupingId":"-ex-example"},{"extension":[{"url":"http://hl7.org/fhir/StructureDefinition/implementationguide-page","valueUri":"Observation-PHQ2-panel-example-55757-9.html"}],"reference":{"reference":"Observation/PHQ2-panel-example-55757-9"},"name":"Phq2 Panel Example 55757-9","description":"This is a Phq2 Panel Example 55757-9 (Patient Health Questionnaire 2 item (PHQ-2) [Reported]) for the *US Core Observation Screening Assessment Profile*","exampleBoolean":true,"groupingId":"-ex-example"},{"extension":[{"url":"http://hl7.org/fhir/StructureDefinition/implementationguide-page","valueUri":"Observation-PRAPARE-Example3-32624-9.html"}],"reference":{"reference":"Observation/PRAPARE-Example3-32624-9"},"name":"Prapare-Example3-32624-9","description":"This is a an example of 32624-9 Race for the *US Core Observation Screening Assessment Profile*","exampleBoolean":true,"groupingId":"-ex-example"},{"extension":[{"url":"http://hl7.org/fhir/StructureDefinition/implementationguide-page","valueUri":"Observation-PRAPARE-Example3-32624-9answer-0.html"}],"reference":{"reference":"Observation/PRAPARE-Example3-32624-9answer-0"},"name":"Prapare-Example3-32624-9Answer-0","description":"This is a an example of 32624-9[0] Race for the *US Core Observation Screening Assessment Profile*","exampleBoolean":true,"groupingId":"-ex-example"},{"extension":[{"url":"http://hl7.org/fhir/StructureDefinition/implementationguide-page","valueUri":"Observation-PRAPARE-Example3-54899-0.html"}],"reference":{"reference":"Observation/PRAPARE-Example3-54899-0"},"name":"Prapare-Example3-54899-0","description":"This is a an example of 54899-0 Preferred language for the *US Core Observation Screening Assessment Profile*","exampleBoolean":true,"groupingId":"-ex-example"},{"extension":[{"url":"http://hl7.org/fhir/StructureDefinition/implementationguide-page","valueUri":"Observation-PRAPARE-Example3-56051-6.html"}],"reference":{"reference":"Observation/PRAPARE-Example3-56051-6"},"name":"Prapare-Example3-56051-6","description":"This is a an example of 56051-6 Hispanic or Latino for the *US Core Observation Screening Assessment Profile*","exampleBoolean":true,"groupingId":"-ex-example"},{"extension":[{"url":"http://hl7.org/fhir/StructureDefinition/implementationguide-page","valueUri":"Observation-PRAPARE-Example3-56799-0.html"}],"reference":{"reference":"Observation/PRAPARE-Example3-56799-0"},"name":"Prapare-Example3-56799-0","description":"This is a an example of 56799-0 Address for the *US Core Observation Screening Assessment Profile*","exampleBoolean":true,"groupingId":"-ex-example"},{"extension":[{"url":"http://hl7.org/fhir/StructureDefinition/implementationguide-page","valueUri":"Observation-PRAPARE-Example3-63512-8.html"}],"reference":{"reference":"Observation/PRAPARE-Example3-63512-8"},"name":"Prapare-Example3-63512-8","description":"This is a an example of 63512-8 How many people are living or staying at this address [#] for the *US Core Observation Screening Assessment Profile*","exampleBoolean":true,"groupingId":"-ex-example"},{"extension":[{"url":"http://hl7.org/fhir/StructureDefinition/implementationguide-page","valueUri":"Observation-PRAPARE-Example3-63586-2.html"}],"reference":{"reference":"Observation/PRAPARE-Example3-63586-2"},"name":"Prapare-Example3-63586-2","description":"This is a an example of 63586-2 What was your best estimate of the total income of all family members from all sources, before taxes, in last year [PhenX] for the *US Core Observation Screening Assessment Profile*","exampleBoolean":true,"groupingId":"-ex-example"},{"extension":[{"url":"http://hl7.org/fhir/StructureDefinition/implementationguide-page","valueUri":"Observation-PRAPARE-Example3-67875-5.html"}],"reference":{"reference":"Observation/PRAPARE-Example3-67875-5"},"name":"Prapare-Example3-67875-5","description":"This is a an example of 67875-5 Employment status - current for the *US Core Observation Screening Assessment Profile*","exampleBoolean":true,"groupingId":"-ex-example"},{"extension":[{"url":"http://hl7.org/fhir/StructureDefinition/implementationguide-page","valueUri":"Observation-PRAPARE-Example3-71802-3.html"}],"reference":{"reference":"Observation/PRAPARE-Example3-71802-3"},"name":"Prapare-Example3-71802-3","description":"This is a an example of 71802-3 Housing status for the *US Core Observation Screening Assessment Profile*","exampleBoolean":true,"groupingId":"-ex-example"},{"extension":[{"url":"http://hl7.org/fhir/StructureDefinition/implementationguide-page","valueUri":"Observation-PRAPARE-Example3-76437-3.html"}],"reference":{"reference":"Observation/PRAPARE-Example3-76437-3"},"name":"Prapare-Example3-76437-3","description":"This is a an example of 76437-3 Primary insurance for the *US Core Observation Screening Assessment Profile*","exampleBoolean":true,"groupingId":"-ex-example"},{"extension":[{"url":"http://hl7.org/fhir/StructureDefinition/implementationguide-page","valueUri":"Observation-PRAPARE-Example3-82589-3.html"}],"reference":{"reference":"Observation/PRAPARE-Example3-82589-3"},"name":"Prapare-Example3-82589-3","description":"This is a an example of 82589-3 Highest level of education for the *US Core Observation Screening Assessment Profile*","exampleBoolean":true,"groupingId":"-ex-example"},{"extension":[{"url":"http://hl7.org/fhir/StructureDefinition/implementationguide-page","valueUri":"Observation-PRAPARE-Example3-93025-5.html"}],"reference":{"reference":"Observation/PRAPARE-Example3-93025-5"},"name":"Prapare-Example3-93025-5","description":"This is a an example of 93025-5 Protocol for Responding to and Assessing Patients' Assets, Risks, and Experiences [PRAPARE] for the *US Core Observation Screening Assessment Profile*","exampleBoolean":true,"groupingId":"-ex-example"},{"extension":[{"url":"http://hl7.org/fhir/StructureDefinition/implementationguide-page","valueUri":"Observation-PRAPARE-Example3-93029-7.html"}],"reference":{"reference":"Observation/PRAPARE-Example3-93029-7"},"name":"Prapare-Example3-93029-7","description":"This is a an example of 93029-7 How often do you see or talk to people that you care about and feel close to [PRAPARE] for the *US Core Observation Screening Assessment Profile*","exampleBoolean":true,"groupingId":"-ex-example"},{"extension":[{"url":"http://hl7.org/fhir/StructureDefinition/implementationguide-page","valueUri":"Observation-PRAPARE-Example3-93030-5.html"}],"reference":{"reference":"Observation/PRAPARE-Example3-93030-5"},"name":"Prapare-Example3-93030-5","description":"This is a an example of 93030-5 Has lack of transportation kept you from medical appointments, meetings, work, or from getting things needed for daily living for the *US Core Observation Screening Assessment Profile*","exampleBoolean":true,"groupingId":"-ex-example"},{"extension":[{"url":"http://hl7.org/fhir/StructureDefinition/implementationguide-page","valueUri":"Observation-PRAPARE-Example3-93030-5answer-0.html"}],"reference":{"reference":"Observation/PRAPARE-Example3-93030-5answer-0"},"name":"Prapare-Example3-93030-5Answer-0","description":"This is a an example of 93030-5[0] Has lack of transportation kept you from medical appointments, meetings, work, or from getting things needed for daily living for the *US Core Observation Screening Assessment Profile*","exampleBoolean":true,"groupingId":"-ex-example"},{"extension":[{"url":"http://hl7.org/fhir/StructureDefinition/implementationguide-page","valueUri":"Observation-PRAPARE-Example3-93033-9.html"}],"reference":{"reference":"Observation/PRAPARE-Example3-93033-9"},"name":"Prapare-Example3-93033-9","description":"This is a an example of 93033-9 Are you worried about losing your housing [PRAPARE] for the *US Core Observation Screening Assessment Profile*","exampleBoolean":true,"groupingId":"-ex-example"},{"extension":[{"url":"http://hl7.org/fhir/StructureDefinition/implementationguide-page","valueUri":"Observation-PRAPARE-Example3-93034-7.html"}],"reference":{"reference":"Observation/PRAPARE-Example3-93034-7"},"name":"Prapare-Example3-93034-7","description":"This is a an example of 93034-7 Discharged from the U.S. Armed Forces for the *US Core Observation Screening Assessment Profile*","exampleBoolean":true,"groupingId":"-ex-example"},{"extension":[{"url":"http://hl7.org/fhir/StructureDefinition/implementationguide-page","valueUri":"Observation-PRAPARE-Example3-93035-4.html"}],"reference":{"reference":"Observation/PRAPARE-Example3-93035-4"},"name":"Prapare-Example3-93035-4","description":"This is a an example of 93035-4 Has season or migrant farm work been your or your family's main source of income at any point in past 2 years [PRAPARE] for the *US Core Observation Screening Assessment Profile*","exampleBoolean":true,"groupingId":"-ex-example"},{"extension":[{"url":"http://hl7.org/fhir/StructureDefinition/implementationguide-page","valueUri":"Observation-PRAPARE-Example3-93038-8.html"}],"reference":{"reference":"Observation/PRAPARE-Example3-93038-8"},"name":"Prapare-Example3-93038-8","description":"This is a an example of 93038-8 Stress level for the *US Core Observation Screening Assessment Profile*","exampleBoolean":true,"groupingId":"-ex-example"},{"extension":[{"url":"http://hl7.org/fhir/StructureDefinition/implementationguide-page","valueUri":"Observation-PRAPARE-Example3-93040-4.html"}],"reference":{"reference":"Observation/PRAPARE-Example3-93040-4"},"name":"Prapare-Example3-93040-4","description":"This is a an example of 93040-4 Social and emotional health [PRAPARE] for the *US Core Observation Screening Assessment Profile*","exampleBoolean":true,"groupingId":"-ex-example"},{"extension":[{"url":"http://hl7.org/fhir/StructureDefinition/implementationguide-page","valueUri":"Observation-PRAPARE-Example3-93041-2.html"}],"reference":{"reference":"Observation/PRAPARE-Example3-93041-2"},"name":"Prapare-Example3-93041-2","description":"This is a an example of 93041-2 Money and resources [PRAPARE] for the *US Core Observation Screening Assessment Profile*","exampleBoolean":true,"groupingId":"-ex-example"},{"extension":[{"url":"http://hl7.org/fhir/StructureDefinition/implementationguide-page","valueUri":"Observation-PRAPARE-Example3-93042-0.html"}],"reference":{"reference":"Observation/PRAPARE-Example3-93042-0"},"name":"Prapare-Example3-93042-0","description":"This is a an example of 93042-0 Family and home [PRAPARE] for the *US Core Observation Screening Assessment Profile*","exampleBoolean":true,"groupingId":"-ex-example"},{"extension":[{"url":"http://hl7.org/fhir/StructureDefinition/implementationguide-page","valueUri":"Observation-PRAPARE-Example3-93043-8.html"}],"reference":{"reference":"Observation/PRAPARE-Example3-93043-8"},"name":"Prapare-Example3-93043-8","description":"This is a an example of 93043-8 Personal characteristics [PRAPARE] for the *US Core Observation Screening Assessment Profile*","exampleBoolean":true,"groupingId":"-ex-example"}],"page":{"extension":[{"url":"http://hl7.org/fhir/StructureDefinition/structuredefinition-standards-status","valueCode":"informative"},{"url":"http://hl7.org/fhir/tools/StructureDefinition/ig-page-name","valueUrl":"toc.html"}],"nameUrl":"toc.html","title":"Table of Contents","generation":"html","page":[{"extension":[{"url":"http://hl7.org/fhir/StructureDefinition/structuredefinition-standards-status","valueCode":"draft"},{"url":"http://hl7.org/fhir/tools/StructureDefinition/ig-page-name","valueUrl":"index.html"}],"nameUrl":"index.html","title":"Home","generation":"markdown"},{"extension":[{"url":"http://hl7.org/fhir/tools/StructureDefinition/ig-page-name","valueUrl":"artifacts.html"}],"nameUrl":"artifacts.html","title":"Artifacts Summary","generation":"html","page":[{"extension":[{"url":"http://hl7.org/fhir/tools/StructureDefinition/ig-page-name","valueUrl":"StructureDefinition-observation-questionnaire.html"}],"nameUrl":"StructureDefinition-observation-questionnaire.html","title":"Observation Questionnaire Extension","generation":"generated"},{"extension":[{"url":"http://hl7.org/fhir/tools/StructureDefinition/ig-page-name","valueUrl":"DocumentReference-example1phq-2questionnaire.html"}],"nameUrl":"DocumentReference-example1phq-2questionnaire.html","title":"DocRef Example1PHQ-2Questionnaire","generation":"generated"},{"extension":[{"url":"http://hl7.org/fhir/tools/StructureDefinition/ig-page-name","valueUrl":"DocumentReference-example2ahn-hrsnquestionnaire.html"}],"nameUrl":"DocumentReference-example2ahn-hrsnquestionnaire.html","title":"DocRef Example2AHN-HRSNQuestionnaire","generation":"generated"},{"extension":[{"url":"http://hl7.org/fhir/tools/StructureDefinition/ig-page-name","valueUrl":"DocumentReference-example3praparequestionnaire.html"}],"nameUrl":"DocumentReference-example3praparequestionnaire.html","title":"DocRef Example3PRAPAREQuestionnaire","generation":"generated"},{"extension":[{"url":"http://hl7.org/fhir/tools/StructureDefinition/ig-page-name","valueUrl":"Questionnaire-55757-9.html"}],"nameUrl":"Questionnaire-55757-9.html","title":"Example 1 PHQ-2 Questionnaire","generation":"generated"},{"extension":[{"url":"http://hl7.org/fhir/tools/StructureDefinition/ig-page-name","valueUrl":"QuestionnaireResponse-5770517.html"}],"nameUrl":"QuestionnaireResponse-5770517.html","title":"Example 1 PHQ-2 QuestionnaireResponse","generation":"generated"},{"extension":[{"url":"http://hl7.org/fhir/tools/StructureDefinition/ig-page-name","valueUrl":"Questionnaire-96777-8.html"}],"nameUrl":"Questionnaire-96777-8.html","title":"Example 2 AHN-HRSN Questionnaire","generation":"generated"},{"extension":[{"url":"http://hl7.org/fhir/tools/StructureDefinition/ig-page-name","valueUrl":"Questionnaire-CUST-PNL.html"}],"nameUrl":"Questionnaire-CUST-PNL.html","title":"Example 2 Custom Form","generation":"generated"},{"extension":[{"url":"http://hl7.org/fhir/tools/StructureDefinition/ig-page-name","valueUrl":"Questionnaire-93025-5.html"}],"nameUrl":"Questionnaire-93025-5.html","title":"Example 3 PRAPARE Questionnaire","generation":"generated"},{"extension":[{"url":"http://hl7.org/fhir/tools/StructureDefinition/ig-page-name","valueUrl":"Observation-CSV-AHN-HRSNExample2-71802-3.html"}],"nameUrl":"Observation-CSV-AHN-HRSNExample2-71802-3.html","title":"Csv-Ahn-Hrsnexample2-71802-3","generation":"generated"},{"extension":[{"url":"http://hl7.org/fhir/tools/StructureDefinition/ig-page-name","valueUrl":"Observation-CSV-AHN-HRSNExample2-88122-7.html"}],"nameUrl":"Observation-CSV-AHN-HRSNExample2-88122-7.html","title":"Csv-Ahn-Hrsnexample2-88122-7","generation":"generated"},{"extension":[{"url":"http://hl7.org/fhir/tools/StructureDefinition/ig-page-name","valueUrl":"Observation-CSV-AHN-HRSNExample2-88123-5.html"}],"nameUrl":"Observation-CSV-AHN-HRSNExample2-88123-5.html","title":"Csv-Ahn-Hrsnexample2-88123-5","generation":"generated"},{"extension":[{"url":"http://hl7.org/fhir/tools/StructureDefinition/ig-page-name","valueUrl":"Observation-CSV-AHN-HRSNExample2-93030-5.html"}],"nameUrl":"Observation-CSV-AHN-HRSNExample2-93030-5.html","title":"Csv-Ahn-Hrsnexample2-93030-5","generation":"generated"},{"extension":[{"url":"http://hl7.org/fhir/tools/StructureDefinition/ig-page-name","valueUrl":"Observation-CSV-AHN-HRSNExample2-95614-4.html"}],"nameUrl":"Observation-CSV-AHN-HRSNExample2-95614-4.html","title":"Csv-Ahn-Hrsnexample2-95614-4","generation":"generated"},{"extension":[{"url":"http://hl7.org/fhir/tools/StructureDefinition/ig-page-name","valueUrl":"Observation-CSV-AHN-HRSNExample2-95615-1.html"}],"nameUrl":"Observation-CSV-AHN-HRSNExample2-95615-1.html","title":"Csv-Ahn-Hrsnexample2-95615-1","generation":"generated"},{"extension":[{"url":"http://hl7.org/fhir/tools/StructureDefinition/ig-page-name","valueUrl":"Observation-CSV-AHN-HRSNExample2-95616-9.html"}],"nameUrl":"Observation-CSV-AHN-HRSNExample2-95616-9.html","title":"Csv-Ahn-Hrsnexample2-95616-9","generation":"generated"},{"extension":[{"url":"http://hl7.org/fhir/tools/StructureDefinition/ig-page-name","valueUrl":"Observation-CSV-AHN-HRSNExample2-95617-7.html"}],"nameUrl":"Observation-CSV-AHN-HRSNExample2-95617-7.html","title":"Csv-Ahn-Hrsnexample2-95617-7","generation":"generated"},{"extension":[{"url":"http://hl7.org/fhir/tools/StructureDefinition/ig-page-name","valueUrl":"Observation-CSV-AHN-HRSNExample2-95618-5.html"}],"nameUrl":"Observation-CSV-AHN-HRSNExample2-95618-5.html","title":"Csv-Ahn-Hrsnexample2-95618-5","generation":"generated"},{"extension":[{"url":"http://hl7.org/fhir/tools/StructureDefinition/ig-page-name","valueUrl":"Observation-CSV-AHN-HRSNExample2-96777-8.html"}],"nameUrl":"Observation-CSV-AHN-HRSNExample2-96777-8.html","title":"Csv-Ahn-Hrsnexample2-96777-8","generation":"generated"},{"extension":[{"url":"http://hl7.org/fhir/tools/StructureDefinition/ig-page-name","valueUrl":"Observation-CSV-AHN-HRSNExample2-96778-6.html"}],"nameUrl":"Observation-CSV-AHN-HRSNExample2-96778-6.html","title":"Csv-Ahn-Hrsnexample2-96778-6","generation":"generated"},{"extension":[{"url":"http://hl7.org/fhir/tools/StructureDefinition/ig-page-name","valueUrl":"Observation-CSV-AHN-HRSNExample2-96778-6answer-0.html"}],"nameUrl":"Observation-CSV-AHN-HRSNExample2-96778-6answer-0.html","title":"Csv-Ahn-Hrsnexample2-96778-6Answer-0","generation":"generated"},{"extension":[{"url":"http://hl7.org/fhir/tools/StructureDefinition/ig-page-name","valueUrl":"Observation-CSV-AHN-HRSNExample2-96778-6answer-5.html"}],"nameUrl":"Observation-CSV-AHN-HRSNExample2-96778-6answer-5.html","title":"Csv-Ahn-Hrsnexample2-96778-6Answer-5","generation":"generated"},{"extension":[{"url":"http://hl7.org/fhir/tools/StructureDefinition/ig-page-name","valueUrl":"Observation-CSV-AHN-HRSNExample2-96778-6answer-6.html"}],"nameUrl":"Observation-CSV-AHN-HRSNExample2-96778-6answer-6.html","title":"Csv-Ahn-Hrsnexample2-96778-6Answer-6","generation":"generated"},{"extension":[{"url":"http://hl7.org/fhir/tools/StructureDefinition/ig-page-name","valueUrl":"Observation-CSV-AHN-HRSNExample2-96779-4.html"}],"nameUrl":"Observation-CSV-AHN-HRSNExample2-96779-4.html","title":"Csv-Ahn-Hrsnexample2-96779-4","generation":"generated"},{"extension":[{"url":"http://hl7.org/fhir/tools/StructureDefinition/ig-page-name","valueUrl":"Observation-CSV-PHQ-2Example1-44250-9.html"}],"nameUrl":"Observation-CSV-PHQ-2Example1-44250-9.html","title":"Csv-Phq-2Example1-44250-9","generation":"generated"},{"extension":[{"url":"http://hl7.org/fhir/tools/StructureDefinition/ig-page-name","valueUrl":"Observation-CSV-PHQ-2Example1-44255-8.html"}],"nameUrl":"Observation-CSV-PHQ-2Example1-44255-8.html","title":"Csv-Phq-2Example1-44255-8","generation":"generated"},{"extension":[{"url":"http://hl7.org/fhir/tools/StructureDefinition/ig-page-name","valueUrl":"Observation-CSV-PHQ-2Example1-55757-9.html"}],"nameUrl":"Observation-CSV-PHQ-2Example1-55757-9.html","title":"Csv-Phq-2Example1-55757-9","generation":"generated"},{"extension":[{"url":"http://hl7.org/fhir/tools/StructureDefinition/ig-page-name","valueUrl":"Observation-CSV-PHQ-2Example1-55758-7.html"}],"nameUrl":"Observation-CSV-PHQ-2Example1-55758-7.html","title":"Csv-Phq-2Example1-55758-7","generation":"generated"},{"extension":[{"url":"http://hl7.org/fhir/tools/StructureDefinition/ig-page-name","valueUrl":"Observation-PHQ2-item-example-44250-9.html"}],"nameUrl":"Observation-PHQ2-item-example-44250-9.html","title":"Phq2 Item Example 44250-9","generation":"generated"},{"extension":[{"url":"http://hl7.org/fhir/tools/StructureDefinition/ig-page-name","valueUrl":"Observation-PHQ2-item-example-44255-8.html"}],"nameUrl":"Observation-PHQ2-item-example-44255-8.html","title":"Phq2 Item Example 44255-8","generation":"generated"},{"extension":[{"url":"http://hl7.org/fhir/tools/StructureDefinition/ig-page-name","valueUrl":"Observation-PHQ2-item-example-55758-7.html"}],"nameUrl":"Observation-PHQ2-item-example-55758-7.html","title":"Phq2 Item Example 55758-7","generation":"generated"},{"extension":[{"url":"http://hl7.org/fhir/tools/StructureDefinition/ig-page-name","valueUrl":"Observation-PHQ2-panel-example-55757-9.html"}],"nameUrl":"Observation-PHQ2-panel-example-55757-9.html","title":"Phq2 Panel Example 55757-9","generation":"generated"},{"extension":[{"url":"http://hl7.org/fhir/tools/StructureDefinition/ig-page-name","valueUrl":"Observation-PRAPARE-Example3-32624-9.html"}],"nameUrl":"Observation-PRAPARE-Example3-32624-9.html","title":"Prapare-Example3-32624-9","generation":"generated"},{"extension":[{"url":"http://hl7.org/fhir/tools/StructureDefinition/ig-page-name","valueUrl":"Observation-PRAPARE-Example3-32624-9answer-0.html"}],"nameUrl":"Observation-PRAPARE-Example3-32624-9answer-0.html","title":"Prapare-Example3-32624-9Answer-0","generation":"generated"},{"extension":[{"url":"http://hl7.org/fhir/tools/StructureDefinition/ig-page-name","valueUrl":"Observation-PRAPARE-Example3-54899-0.html"}],"nameUrl":"Observation-PRAPARE-Example3-54899-0.html","title":"Prapare-Example3-54899-0","generation":"generated"},{"extension":[{"url":"http://hl7.org/fhir/tools/StructureDefinition/ig-page-name","valueUrl":"Observation-PRAPARE-Example3-56051-6.html"}],"nameUrl":"Observation-PRAPARE-Example3-56051-6.html","title":"Prapare-Example3-56051-6","generation":"generated"},{"extension":[{"url":"http://hl7.org/fhir/tools/StructureDefinition/ig-page-name","valueUrl":"Observation-PRAPARE-Example3-56799-0.html"}],"nameUrl":"Observation-PRAPARE-Example3-56799-0.html","title":"Prapare-Example3-56799-0","generation":"generated"},{"extension":[{"url":"http://hl7.org/fhir/tools/StructureDefinition/ig-page-name","valueUrl":"Observation-PRAPARE-Example3-63512-8.html"}],"nameUrl":"Observation-PRAPARE-Example3-63512-8.html","title":"Prapare-Example3-63512-8","generation":"generated"},{"extension":[{"url":"http://hl7.org/fhir/tools/StructureDefinition/ig-page-name","valueUrl":"Observation-PRAPARE-Example3-63586-2.html"}],"nameUrl":"Observation-PRAPARE-Example3-63586-2.html","title":"Prapare-Example3-63586-2","generation":"generated"},{"extension":[{"url":"http://hl7.org/fhir/tools/StructureDefinition/ig-page-name","valueUrl":"Observation-PRAPARE-Example3-67875-5.html"}],"nameUrl":"Observation-PRAPARE-Example3-67875-5.html","title":"Prapare-Example3-67875-5","generation":"generated"},{"extension":[{"url":"http://hl7.org/fhir/tools/StructureDefinition/ig-page-name","valueUrl":"Observation-PRAPARE-Example3-71802-3.html"}],"nameUrl":"Observation-PRAPARE-Example3-71802-3.html","title":"Prapare-Example3-71802-3","generation":"generated"},{"extension":[{"url":"http://hl7.org/fhir/tools/StructureDefinition/ig-page-name","valueUrl":"Observation-PRAPARE-Example3-76437-3.html"}],"nameUrl":"Observation-PRAPARE-Example3-76437-3.html","title":"Prapare-Example3-76437-3","generation":"generated"},{"extension":[{"url":"http://hl7.org/fhir/tools/StructureDefinition/ig-page-name","valueUrl":"Observation-PRAPARE-Example3-82589-3.html"}],"nameUrl":"Observation-PRAPARE-Example3-82589-3.html","title":"Prapare-Example3-82589-3","generation":"generated"},{"extension":[{"url":"http://hl7.org/fhir/tools/StructureDefinition/ig-page-name","valueUrl":"Observation-PRAPARE-Example3-93025-5.html"}],"nameUrl":"Observation-PRAPARE-Example3-93025-5.html","title":"Prapare-Example3-93025-5","generation":"generated"},{"extension":[{"url":"http://hl7.org/fhir/tools/StructureDefinition/ig-page-name","valueUrl":"Observation-PRAPARE-Example3-93029-7.html"}],"nameUrl":"Observation-PRAPARE-Example3-93029-7.html","title":"Prapare-Example3-93029-7","generation":"generated"},{"extension":[{"url":"http://hl7.org/fhir/tools/StructureDefinition/ig-page-name","valueUrl":"Observation-PRAPARE-Example3-93030-5.html"}],"nameUrl":"Observation-PRAPARE-Example3-93030-5.html","title":"Prapare-Example3-93030-5","generation":"generated"},{"extension":[{"url":"http://hl7.org/fhir/tools/StructureDefinition/ig-page-name","valueUrl":"Observation-PRAPARE-Example3-93030-5answer-0.html"}],"nameUrl":"Observation-PRAPARE-Example3-93030-5answer-0.html","title":"Prapare-Example3-93030-5Answer-0","generation":"generated"},{"extension":[{"url":"http://hl7.org/fhir/tools/StructureDefinition/ig-page-name","valueUrl":"Observation-PRAPARE-Example3-93033-9.html"}],"nameUrl":"Observation-PRAPARE-Example3-93033-9.html","title":"Prapare-Example3-93033-9","generation":"generated"},{"extension":[{"url":"http://hl7.org/fhir/tools/StructureDefinition/ig-page-name","valueUrl":"Observation-PRAPARE-Example3-93034-7.html"}],"nameUrl":"Observation-PRAPARE-Example3-93034-7.html","title":"Prapare-Example3-93034-7","generation":"generated"},{"extension":[{"url":"http://hl7.org/fhir/tools/StructureDefinition/ig-page-name","valueUrl":"Observation-PRAPARE-Example3-93035-4.html"}],"nameUrl":"Observation-PRAPARE-Example3-93035-4.html","title":"Prapare-Example3-93035-4","generation":"generated"},{"extension":[{"url":"http://hl7.org/fhir/tools/StructureDefinition/ig-page-name","valueUrl":"Observation-PRAPARE-Example3-93038-8.html"}],"nameUrl":"Observation-PRAPARE-Example3-93038-8.html","title":"Prapare-Example3-93038-8","generation":"generated"},{"extension":[{"url":"http://hl7.org/fhir/tools/StructureDefinition/ig-page-name","valueUrl":"Observation-PRAPARE-Example3-93040-4.html"}],"nameUrl":"Observation-PRAPARE-Example3-93040-4.html","title":"Prapare-Example3-93040-4","generation":"generated"},{"extension":[{"url":"http://hl7.org/fhir/tools/StructureDefinition/ig-page-name","valueUrl":"Observation-PRAPARE-Example3-93041-2.html"}],"nameUrl":"Observation-PRAPARE-Example3-93041-2.html","title":"Prapare-Example3-93041-2","generation":"generated"},{"extension":[{"url":"http://hl7.org/fhir/tools/StructureDefinition/ig-page-name","valueUrl":"Observation-PRAPARE-Example3-93042-0.html"}],"nameUrl":"Observation-PRAPARE-Example3-93042-0.html","title":"Prapare-Example3-93042-0","generation":"generated"},{"extension":[{"url":"http://hl7.org/fhir/tools/StructureDefinition/ig-page-name","valueUrl":"Observation-PRAPARE-Example3-93043-8.html"}],"nameUrl":"Observation-PRAPARE-Example3-93043-8.html","title":"Prapare-Example3-93043-8","generation":"generated"}]}]},"parameter":[{"code":"path-resource","value":"input/resources"},{"code":"path-resource","value":"fsh-generated/resources"},{"code":"path-resource","value":"input/intro-notes"},{"code":"path-resource","value":"input/capabilities"},{"code":"path-resource","value":"input/examples"},{"code":"path-resource","value":"input/extensions"},{"code":"path-resource","value":"input/models"},{"code":"path-resource","value":"input/operations"},{"code":"path-resource","value":"input/profiles"},{"code":"path-resource","value":"input/vocabulary"},{"code":"path-resource","value":"input/testing"},{"code":"path-resource","value":"input/history"},{"code":"path-pages","value":"template/config"},{"code":"path-pages","value":"input/images"},{"code":"path-tx-cache","value":"input-cache/txcache"}]}}