<?xml version="1.0" encoding="UTF-8"?>

<Observation xmlns="http://hl7.org/fhir">
  <id value="PRAPARE-Example3-93040-4"/>
  <meta>
    <extension url="http://hl7.org/fhir/StructureDefinition/instance-name">
      <valueString value="Prapare-Example3-93040-4"/>
    </extension>
    <extension url="http://hl7.org/fhir/StructureDefinition/instance-description">
      <valueMarkdown value="This is a an example of 93040-4 Social and emotional health [PRAPARE] for the *US Core Observation Screening Assessment Profile*"/>
    </extension>
    <profile value="http://hl7.org/fhir/us/core/StructureDefinition/us-core-observation-screening-assessment"/>
  </meta>
  <text>
    <status value="generated"/><div xmlns="http://www.w3.org/1999/xhtml"><p><b>Generated Narrative: Observation</b><a name="PRAPARE-Example3-93040-4"> </a></p><div style="display: inline-block; background-color: #d9e0e7; padding: 6px; margin: 4px; border: 1px solid #8da1b4; border-radius: 5px; line-height: 60%"><p style="margin-bottom: 0px">Resource Observation &quot;PRAPARE-Example3-93040-4&quot; </p><p style="margin-bottom: 0px">Profile: <code>http://hl7.org/fhir/us/core/StructureDefinition/us-core-observation-screening-assessment</code></p></div><p><b>status</b>: final</p><p><b>category</b>: SDOH <span style="background: LightGoldenRodYellow; margin: 4px; border: 1px solid khaki"> (us-core-category#sdoh)</span></p><p><b>code</b>: Social and emotional health [PRAPARE] <span style="background: LightGoldenRodYellow; margin: 4px; border: 1px solid khaki"> (<a href="https://loinc.org/">LOINC</a>#93040-4)</span></p><p><b>subject</b>: <a href="Patient-example.html">Patient/example</a></p><p><b>effective</b>: 2021-02-02</p><p><b>performer</b>: <a href="??phinvads??">Performer/example2</a></p><p><b>hasMember</b>: </p><ul><li><a href="Observation-PRAPARE-Example3-93029-7.html">Observation/PRAPARE-Example3-93029-7: How often do you see or talk to people that you care about and feel close to [PRAPARE]</a></li><li><a href="Observation-PRAPARE-Example3-93038-8.html">Observation/PRAPARE-Example3-93038-8: Stress level</a></li></ul><p><b>derivedFrom</b>: <a href="DocumentReference-example3praparequestionnaire.html">DocumentReference/example3praparequestionnaire</a></p></div>
  </text>
  <status value="final"/>
  <category>
    <coding>
      <system value="http://hl7.org/fhir/us/core/CodeSystem/us-core-category"/>
      <code value="sdoh"/>
    </coding>
  </category>
  <code>
    <coding>
      <system value="http://loinc.org"/>
      <code value="93040-4"/>
      <display value="Social and emotional health [PRAPARE]"/>
    </coding>
  </code>
  <subject>
    <reference value="Patient/example"/>
  </subject>
  <effectiveDateTime value="2021-02-02"/>
  <performer>
    <reference value="Performer/example2"/>
  </performer>
  <hasMember>
    <reference value="Observation/PRAPARE-Example3-93029-7"/>
    <display value="How often do you see or talk to people that you care about and feel close to [PRAPARE]"/>
  </hasMember>
  <hasMember>
    <reference value="Observation/PRAPARE-Example3-93038-8"/>
    <display value="Stress level"/>
  </hasMember>
  <derivedFrom>
    <reference value="DocumentReference/example3praparequestionnaire"/>
  </derivedFrom>
</Observation>