<?xml version="1.0" encoding="UTF-8"?>

<Observation xmlns="http://hl7.org/fhir">
  <id value="PRAPARE-Example3-93041-2"/>
  <meta>
    <extension url="http://hl7.org/fhir/StructureDefinition/instance-name">
      <valueString value="Prapare-Example3-93041-2"/>
    </extension>
    <extension url="http://hl7.org/fhir/StructureDefinition/instance-description">
      <valueMarkdown value="This is a an example of 93041-2 Money and resources [PRAPARE] for the *US Core Observation Screening Assessment Profile*"/>
    </extension>
    <profile value="http://hl7.org/fhir/us/core/StructureDefinition/us-core-observation-screening-assessment"/>
  </meta>
  <text>
    <status value="extensions"/><div xmlns="http://www.w3.org/1999/xhtml"><p><b>Generated Narrative: Observation</b><a name="PRAPARE-Example3-93041-2"> </a></p><div style="display: inline-block; background-color: #d9e0e7; padding: 6px; margin: 4px; border: 1px solid #8da1b4; border-radius: 5px; line-height: 60%"><p style="margin-bottom: 0px">Resource Observation &quot;PRAPARE-Example3-93041-2&quot; </p><p style="margin-bottom: 0px">Profile: <code>http://hl7.org/fhir/us/core/StructureDefinition/us-core-observation-screening-assessment</code></p></div><p><b>Observation Questionnaire Extension</b>: <a href="Questionnaire-93025-5.html">Protocol for Responding to and Assessing Patients' Assets, Risks, and Experiences [PRAPARE]</a></p><p><b>status</b>: final</p><p><b>category</b>: SDOH <span style="background: LightGoldenRodYellow; margin: 4px; border: 1px solid khaki"> (us-core-category#sdoh)</span></p><p><b>code</b>: Money and resources [PRAPARE] <span style="background: LightGoldenRodYellow; margin: 4px; border: 1px solid khaki"> (<a href="https://loinc.org/">LOINC</a>#93041-2)</span></p><p><b>subject</b>: <a href="Patient-example.html">Patient/example</a></p><p><b>effective</b>: 2021-02-02</p><p><b>performer</b>: <a href="??phinvads??">Performer/example2</a></p><p><b>hasMember</b>: </p><ul><li><a href="Observation-PRAPARE-Example3-82589-3.html">Observation/PRAPARE-Example3-82589-3: Highest level of education</a></li><li><a href="Observation-PRAPARE-Example3-67875-5.html">Observation/PRAPARE-Example3-67875-5: Employment status - current</a></li><li><a href="Observation-PRAPARE-Example3-76437-3.html">Observation/PRAPARE-Example3-76437-3: Primary insurance</a></li><li><a href="Observation-PRAPARE-Example3-63586-2.html">Observation/PRAPARE-Example3-63586-2: What was your best estimate of the total income of all family members from all sources, before taxes, in last year [PhenX]</a></li><li><a href="??phinvads??">Observation/PRAPARE-Example3-93031-3: Have you or any family members you live with been unable to get any of the following when it was really needed in past 1 year [PRAPARE]</a></li><li><a href="Observation-PRAPARE-Example3-93030-5.html">Observation/PRAPARE-Example3-93030-5: Has lack of transportation kept you from medical appointments, meetings, work, or from getting things needed for daily living</a></li></ul></div>
  </text>
  <extension url="http://www.fhir.org/guides/saig/StructureDefinition/observation-questionnaire">
    <valueCanonical value="http://www.fhir.org/guides/saig/Questionnaire/93025-5"/>
  </extension>
  <status value="final"/>
  <category>
    <coding>
      <system value="http://hl7.org/fhir/us/core/CodeSystem/us-core-category"/>
      <code value="sdoh"/>
    </coding>
  </category>
  <code>
    <coding>
      <system value="http://loinc.org"/>
      <code value="93041-2"/>
      <display value="Money and resources [PRAPARE]"/>
    </coding>
  </code>
  <subject>
    <reference value="Patient/example"/>
  </subject>
  <effectiveDateTime value="2021-02-02"/>
  <performer>
    <reference value="Performer/example2"/>
  </performer>
  <hasMember>
    <reference value="Observation/PRAPARE-Example3-82589-3"/>
    <display value="Highest level of education"/>
  </hasMember>
  <hasMember>
    <reference value="Observation/PRAPARE-Example3-67875-5"/>
    <display value="Employment status - current"/>
  </hasMember>
  <hasMember>
    <reference value="Observation/PRAPARE-Example3-76437-3"/>
    <display value="Primary insurance"/>
  </hasMember>
  <hasMember>
    <reference value="Observation/PRAPARE-Example3-63586-2"/>
    <display value="What was your best estimate of the total income of all family members from all sources, before taxes, in last year [PhenX]"/>
  </hasMember>
  <hasMember>
    <reference value="Observation/PRAPARE-Example3-93031-3"/>
    <display value="Have you or any family members you live with been unable to get any of the following when it was really needed in past 1 year [PRAPARE]"/>
  </hasMember>
  <hasMember>
    <reference value="Observation/PRAPARE-Example3-93030-5"/>
    <display value="Has lack of transportation kept you from medical appointments, meetings, work, or from getting things needed for daily living"/>
  </hasMember>
</Observation>