<?xml version="1.0" encoding="UTF-8"?><ImplementationGuide xmlns="http://hl7.org/fhir"><id value="saig"/><text><status value="extensions"/><div xmlns="http://www.w3.org/1999/xhtml"><h2>SAIG</h2><p>The official URL for this implementation guide is: </p><pre>http://www.fhir.org/guides/saig/ImplementationGuide/saig</pre><div><p>This is a <strong>Healthedata1</strong> sandbox for creation of Screenings and Assessments resources and examples</p>
</div></div></text><extension url="http://hl7.org/fhir/StructureDefinition/structuredefinition-standards-status"><valueCode value="trial-use"/></extension><extension url="http://hl7.org/fhir/StructureDefinition/structuredefinition-fmm"><valueInteger value="0"/></extension><url value="http://www.fhir.org/guides/saig/ImplementationGuide/saig"/><version value="0.0.0"/><name value="SAIG"/><title value="Screenings and Assessments Implementation Guide"/><status value="active"/><date value="2023-02-10T00:01:25-08:00"/><publisher value="Health eData Inc"/><contact><telecom><system value="email"/><value value="mailto:ehaas@healthedatainc.com"/></telecom></contact><description value="This is a **Healthedata1** sandbox for creation of Screenings and Assessments resources and examples"/><packageId value="saig"/><license value="CC0-1.0"/><fhirVersion value="4.0.1"/><dependsOn id="hl7tx"><extension url="http://hl7.org/fhir/tools/StructureDefinition/implementationguide-dependency-comment"><valueMarkdown value="Automatically added as a dependency - all IGs depend on HL7 Terminology"/></extension><uri value="http://terminology.hl7.org/ImplementationGuide/hl7.terminology"/><packageId value="hl7.terminology.r4"/><version value="5.0.0"/></dependsOn><dependsOn id="hl7_fhir_us_core"><uri value="http://hl7.org/fhir/us/core/ImplementationGuide/hl7.fhir.us.core"/><packageId value="hl7.fhir.us.core"/><version value="5.0.1"/></dependsOn><dependsOn id="hl7_fhir_uv_sdc"><uri value="http://hl7.org/fhir/uv/sdc/ImplementationGuide/hl7.fhir.uv.sdc"/><packageId value="hl7.fhir.uv.sdc"/><version value="3.0.0"/></dependsOn><dependsOn id="hl7_fhir_uv_bulkdata"><uri value="http://hl7.org/fhir/uv/bulkdata/ImplementationGuide/hl7.fhir.uv.bulkdata"/><packageId value="hl7.fhir.uv.bulkdata"/><version value="2.0.0"/></dependsOn><dependsOn id="hl7_fhir_uv_smart_app_launch"><uri value="http://hl7.org/fhir/smart-app-launch/ImplementationGuide/hl7.fhir.uv.smart-app-launch"/><packageId value="hl7.fhir.uv.smart-app-launch"/><version value="2.0.0"/></dependsOn><dependsOn id="vsac"><uri value="http://fhir.org/packages/us.nlm.vsac/ImplementationGuide/us.nlm.vsac"/><packageId value="us.nlm.vsac"/><version value="0.3.0"/></dependsOn><dependsOn id="uscdcphinvads"><uri value="http://fhir.org/packages/us.cdc.phinvads/ImplementationGuide/us.cdc.phinvads"/><packageId value="us.cdc.phinvads"/><version value="0.12.0"/></dependsOn><definition><extension url="http://hl7.org/fhir/tools/StructureDefinition/ig-parameter"><extension url="code"><valueString value="copyrightyear"/></extension><extension url="value"><valueString value="2023+"/></extension></extension><extension url="http://hl7.org/fhir/tools/StructureDefinition/ig-parameter"><extension url="code"><valueString value="releaselabel"/></extension><extension url="value"><valueString value="CI Build"/></extension></extension><extension url="http://hl7.org/fhir/tools/StructureDefinition/ig-parameter"><extension url="code"><valueString value="path-expansion-params"/></extension><extension url="value"><valueString value="../../input/_resources/exp-params.json"/></extension></extension><extension url="http://hl7.org/fhir/tools/StructureDefinition/ig-parameter"><extension url="code"><valueString value="show-inherited-invariants"/></extension><extension url="value"><valueString value="true"/></extension></extension><extension url="http://hl7.org/fhir/tools/StructureDefinition/ig-parameter"><extension url="code"><valueString value="usage-stats-opt-out"/></extension><extension url="value"><valueString value="false"/></extension></extension><extension url="http://hl7.org/fhir/tools/StructureDefinition/ig-parameter"><extension url="code"><valueString value="path-output"/></extension><extension url="value"><valueString value="docs"/></extension></extension><extension url="http://hl7.org/fhir/tools/StructureDefinition/ig-parameter"><extension url="code"><valueString value="excludexml"/></extension><extension url="value"><valueString value="true"/></extension></extension><extension url="http://hl7.org/fhir/tools/StructureDefinition/ig-parameter"><extension url="code"><valueString value="escludejsn"/></extension><extension url="value"><valueString value="false"/></extension></extension><extension url="http://hl7.org/fhir/tools/StructureDefinition/ig-parameter"><extension url="code"><valueString value="excludettl"/></extension><extension url="value"><valueString value="true"/></extension></extension><extension url="http://hl7.org/fhir/tools/StructureDefinition/ig-parameter"><extension url="code"><valueString value="excludemap"/></extension><extension url="value"><valueString value="true"/></extension></extension><extension url="http://hl7.org/fhir/tools/StructureDefinition/ig-parameter"><extension url="code"><valueString value="excludeexample"/></extension><extension url="value"><valueString value="true"/></extension></extension><extension url="http://hl7.org/fhir/tools/StructureDefinition/ig-parameter"><extension url="code"><valueString value="autoload-resources"/></extension><extension url="value"><valueString value="true"/></extension></extension><extension url="http://hl7.org/fhir/tools/StructureDefinition/ig-parameter"><extension url="code"><valueString value="path-liquid"/></extension><extension url="value"><valueString value="template/liquid"/></extension></extension><extension url="http://hl7.org/fhir/tools/StructureDefinition/ig-parameter"><extension url="code"><valueString value="path-liquid"/></extension><extension url="value"><valueString value="input/liquid"/></extension></extension><extension url="http://hl7.org/fhir/tools/StructureDefinition/ig-parameter"><extension url="code"><valueString value="path-qa"/></extension><extension url="value"><valueString value="temp/qa"/></extension></extension><extension url="http://hl7.org/fhir/tools/StructureDefinition/ig-parameter"><extension url="code"><valueString value="path-temp"/></extension><extension url="value"><valueString value="temp/pages"/></extension></extension><extension url="http://hl7.org/fhir/tools/StructureDefinition/ig-parameter"><extension url="code"><valueString value="path-suppressed-warnings"/></extension><extension url="value"><valueString value="input/ignoreWarnings.txt"/></extension></extension><extension url="http://hl7.org/fhir/tools/StructureDefinition/ig-parameter"><extension url="code"><valueString value="path-history"/></extension><extension url="value"><valueString value="http://www.fhir.org/guides/saig/history.html"/></extension></extension><extension url="http://hl7.org/fhir/tools/StructureDefinition/ig-parameter"><extension url="code"><valueString value="template-html"/></extension><extension url="value"><valueString value="template-page.html"/></extension></extension><extension url="http://hl7.org/fhir/tools/StructureDefinition/ig-parameter"><extension url="code"><valueString value="template-md"/></extension><extension url="value"><valueString value="template-page-md.html"/></extension></extension><extension url="http://hl7.org/fhir/tools/StructureDefinition/ig-parameter"><extension url="code"><valueString value="apply-contact"/></extension><extension url="value"><valueString value="true"/></extension></extension><extension url="http://hl7.org/fhir/tools/StructureDefinition/ig-parameter"><extension url="code"><valueString value="apply-context"/></extension><extension url="value"><valueString value="true"/></extension></extension><extension url="http://hl7.org/fhir/tools/StructureDefinition/ig-parameter"><extension url="code"><valueString value="apply-copyright"/></extension><extension url="value"><valueString value="true"/></extension></extension><extension url="http://hl7.org/fhir/tools/StructureDefinition/ig-parameter"><extension url="code"><valueString value="apply-jurisdiction"/></extension><extension url="value"><valueString value="true"/></extension></extension><extension url="http://hl7.org/fhir/tools/StructureDefinition/ig-parameter"><extension url="code"><valueString value="apply-license"/></extension><extension url="value"><valueString value="true"/></extension></extension><extension url="http://hl7.org/fhir/tools/StructureDefinition/ig-parameter"><extension url="code"><valueString value="apply-publisher"/></extension><extension url="value"><valueString value="true"/></extension></extension><extension url="http://hl7.org/fhir/tools/StructureDefinition/ig-parameter"><extension url="code"><valueString value="apply-version"/></extension><extension url="value"><valueString value="true"/></extension></extension><extension url="http://hl7.org/fhir/tools/StructureDefinition/ig-parameter"><extension url="code"><valueString value="active-tables"/></extension><extension url="value"><valueString value="true"/></extension></extension><extension url="http://hl7.org/fhir/tools/StructureDefinition/ig-parameter"><extension url="code"><valueString value="fmm-definition"/></extension><extension url="value"><valueString value="http://hl7.org/fhir/versions.html#maturity"/></extension></extension><extension url="http://hl7.org/fhir/tools/StructureDefinition/ig-parameter"><extension url="code"><valueString value="propagate-status"/></extension><extension url="value"><valueString value="true"/></extension></extension><extension url="http://hl7.org/fhir/tools/StructureDefinition/ig-parameter"><extension url="code"><valueString value="excludelogbinaryformat"/></extension><extension url="value"><valueString value="true"/></extension></extension><extension url="http://hl7.org/fhir/tools/StructureDefinition/ig-parameter"><extension url="code"><valueString value="tabbed-snapshots"/></extension><extension url="value"><valueString value="true"/></extension></extension><extension url="http://hl7.org/fhir/tools/StructureDefinition/ig-parameter"><extension url="code"><valueString value="copyrightyear"/></extension><extension url="value"><valueString value="2023+"/></extension></extension><extension url="http://hl7.org/fhir/tools/StructureDefinition/ig-parameter"><extension url="code"><valueString value="releaselabel"/></extension><extension url="value"><valueString value="CI Build"/></extension></extension><extension url="http://hl7.org/fhir/tools/StructureDefinition/ig-parameter"><extension url="code"><valueString value="path-expansion-params"/></extension><extension url="value"><valueString value="../../input/_resources/exp-params.json"/></extension></extension><extension url="http://hl7.org/fhir/tools/StructureDefinition/ig-parameter"><extension url="code"><valueString value="show-inherited-invariants"/></extension><extension url="value"><valueString value="true"/></extension></extension><extension url="http://hl7.org/fhir/tools/StructureDefinition/ig-parameter"><extension url="code"><valueString value="usage-stats-opt-out"/></extension><extension url="value"><valueString value="false"/></extension></extension><extension url="http://hl7.org/fhir/tools/StructureDefinition/ig-parameter"><extension url="code"><valueString value="path-output"/></extension><extension url="value"><valueString value="docs"/></extension></extension><extension url="http://hl7.org/fhir/tools/StructureDefinition/ig-parameter"><extension url="code"><valueString value="excludexml"/></extension><extension url="value"><valueString value="true"/></extension></extension><extension url="http://hl7.org/fhir/tools/StructureDefinition/ig-parameter"><extension url="code"><valueString value="escludejsn"/></extension><extension url="value"><valueString value="false"/></extension></extension><extension url="http://hl7.org/fhir/tools/StructureDefinition/ig-parameter"><extension url="code"><valueString value="excludettl"/></extension><extension url="value"><valueString value="true"/></extension></extension><extension url="http://hl7.org/fhir/tools/StructureDefinition/ig-parameter"><extension url="code"><valueString value="excludemap"/></extension><extension url="value"><valueString value="true"/></extension></extension><extension url="http://hl7.org/fhir/tools/StructureDefinition/ig-parameter"><extension url="code"><valueString value="excludeexample"/></extension><extension url="value"><valueString value="true"/></extension></extension><extension url="http://hl7.org/fhir/tools/StructureDefinition/ig-parameter"><extension url="code"><valueString value="autoload-resources"/></extension><extension url="value"><valueString value="true"/></extension></extension><extension url="http://hl7.org/fhir/tools/StructureDefinition/ig-parameter"><extension url="code"><valueString value="path-liquid"/></extension><extension url="value"><valueString value="template/liquid"/></extension></extension><extension url="http://hl7.org/fhir/tools/StructureDefinition/ig-parameter"><extension url="code"><valueString value="path-liquid"/></extension><extension url="value"><valueString value="input/liquid"/></extension></extension><extension url="http://hl7.org/fhir/tools/StructureDefinition/ig-parameter"><extension url="code"><valueString value="path-qa"/></extension><extension url="value"><valueString value="temp/qa"/></extension></extension><extension url="http://hl7.org/fhir/tools/StructureDefinition/ig-parameter"><extension url="code"><valueString value="path-temp"/></extension><extension url="value"><valueString value="temp/pages"/></extension></extension><extension url="http://hl7.org/fhir/tools/StructureDefinition/ig-parameter"><extension url="code"><valueString value="path-suppressed-warnings"/></extension><extension url="value"><valueString value="input/ignoreWarnings.txt"/></extension></extension><extension url="http://hl7.org/fhir/tools/StructureDefinition/ig-parameter"><extension url="code"><valueString value="path-history"/></extension><extension url="value"><valueString value="http://www.fhir.org/guides/saig/history.html"/></extension></extension><extension url="http://hl7.org/fhir/tools/StructureDefinition/ig-parameter"><extension url="code"><valueString value="template-html"/></extension><extension url="value"><valueString value="template-page.html"/></extension></extension><extension url="http://hl7.org/fhir/tools/StructureDefinition/ig-parameter"><extension url="code"><valueString value="template-md"/></extension><extension url="value"><valueString value="template-page-md.html"/></extension></extension><extension url="http://hl7.org/fhir/tools/StructureDefinition/ig-parameter"><extension url="code"><valueString value="apply-contact"/></extension><extension url="value"><valueString value="true"/></extension></extension><extension url="http://hl7.org/fhir/tools/StructureDefinition/ig-parameter"><extension url="code"><valueString value="apply-context"/></extension><extension url="value"><valueString value="true"/></extension></extension><extension url="http://hl7.org/fhir/tools/StructureDefinition/ig-parameter"><extension url="code"><valueString value="apply-copyright"/></extension><extension url="value"><valueString value="true"/></extension></extension><extension url="http://hl7.org/fhir/tools/StructureDefinition/ig-parameter"><extension url="code"><valueString value="apply-jurisdiction"/></extension><extension url="value"><valueString value="true"/></extension></extension><extension url="http://hl7.org/fhir/tools/StructureDefinition/ig-parameter"><extension url="code"><valueString value="apply-license"/></extension><extension url="value"><valueString value="true"/></extension></extension><extension url="http://hl7.org/fhir/tools/StructureDefinition/ig-parameter"><extension url="code"><valueString value="apply-publisher"/></extension><extension url="value"><valueString value="true"/></extension></extension><extension url="http://hl7.org/fhir/tools/StructureDefinition/ig-parameter"><extension url="code"><valueString value="apply-version"/></extension><extension url="value"><valueString value="true"/></extension></extension><extension url="http://hl7.org/fhir/tools/StructureDefinition/ig-parameter"><extension url="code"><valueString value="active-tables"/></extension><extension url="value"><valueString value="true"/></extension></extension><extension url="http://hl7.org/fhir/tools/StructureDefinition/ig-parameter"><extension url="code"><valueString value="fmm-definition"/></extension><extension url="value"><valueString value="http://hl7.org/fhir/versions.html#maturity"/></extension></extension><extension url="http://hl7.org/fhir/tools/StructureDefinition/ig-parameter"><extension url="code"><valueString value="propagate-status"/></extension><extension url="value"><valueString value="true"/></extension></extension><extension url="http://hl7.org/fhir/tools/StructureDefinition/ig-parameter"><extension url="code"><valueString value="excludelogbinaryformat"/></extension><extension url="value"><valueString value="true"/></extension></extension><extension url="http://hl7.org/fhir/tools/StructureDefinition/ig-parameter"><extension url="code"><valueString value="tabbed-snapshots"/></extension><extension url="value"><valueString value="true"/></extension></extension><extension url="http://hl7.org/fhir/tools/StructureDefinition/ig-parameter"><extension url="code"><valueString value="copyrightyear"/></extension><extension url="value"><valueString value="2023+"/></extension></extension><extension url="http://hl7.org/fhir/tools/StructureDefinition/ig-parameter"><extension url="code"><valueString value="releaselabel"/></extension><extension url="value"><valueString value="CI Build"/></extension></extension><extension url="http://hl7.org/fhir/tools/StructureDefinition/ig-parameter"><extension url="code"><valueString value="path-expansion-params"/></extension><extension url="value"><valueString value="../../input/_resources/exp-params.json"/></extension></extension><extension url="http://hl7.org/fhir/tools/StructureDefinition/ig-parameter"><extension url="code"><valueString value="show-inherited-invariants"/></extension><extension url="value"><valueString value="true"/></extension></extension><extension url="http://hl7.org/fhir/tools/StructureDefinition/ig-parameter"><extension url="code"><valueString value="usage-stats-opt-out"/></extension><extension url="value"><valueString value="false"/></extension></extension><extension url="http://hl7.org/fhir/tools/StructureDefinition/ig-parameter"><extension url="code"><valueString value="path-output"/></extension><extension url="value"><valueString value="docs"/></extension></extension><extension url="http://hl7.org/fhir/tools/StructureDefinition/ig-parameter"><extension url="code"><valueString value="excludexml"/></extension><extension url="value"><valueString value="true"/></extension></extension><extension url="http://hl7.org/fhir/tools/StructureDefinition/ig-parameter"><extension url="code"><valueString value="escludejsn"/></extension><extension url="value"><valueString value="false"/></extension></extension><extension url="http://hl7.org/fhir/tools/StructureDefinition/ig-parameter"><extension url="code"><valueString value="excludettl"/></extension><extension url="value"><valueString value="true"/></extension></extension><extension url="http://hl7.org/fhir/tools/StructureDefinition/ig-parameter"><extension url="code"><valueString value="excludemap"/></extension><extension url="value"><valueString value="true"/></extension></extension><extension url="http://hl7.org/fhir/tools/StructureDefinition/ig-parameter"><extension url="code"><valueString value="excludeexample"/></extension><extension url="value"><valueString value="true"/></extension></extension><extension url="http://hl7.org/fhir/tools/StructureDefinition/ig-parameter"><extension url="code"><valueString value="autoload-resources"/></extension><extension url="value"><valueString value="true"/></extension></extension><extension url="http://hl7.org/fhir/tools/StructureDefinition/ig-parameter"><extension url="code"><valueString value="path-liquid"/></extension><extension url="value"><valueString value="template/liquid"/></extension></extension><extension url="http://hl7.org/fhir/tools/StructureDefinition/ig-parameter"><extension url="code"><valueString value="path-liquid"/></extension><extension url="value"><valueString value="input/liquid"/></extension></extension><extension url="http://hl7.org/fhir/tools/StructureDefinition/ig-parameter"><extension url="code"><valueString value="path-qa"/></extension><extension url="value"><valueString value="temp/qa"/></extension></extension><extension url="http://hl7.org/fhir/tools/StructureDefinition/ig-parameter"><extension url="code"><valueString value="path-temp"/></extension><extension url="value"><valueString value="temp/pages"/></extension></extension><extension url="http://hl7.org/fhir/tools/StructureDefinition/ig-parameter"><extension url="code"><valueString value="path-suppressed-warnings"/></extension><extension url="value"><valueString value="input/ignoreWarnings.txt"/></extension></extension><extension url="http://hl7.org/fhir/tools/StructureDefinition/ig-parameter"><extension url="code"><valueString value="path-history"/></extension><extension url="value"><valueString value="http://www.fhir.org/guides/saig/history.html"/></extension></extension><extension url="http://hl7.org/fhir/tools/StructureDefinition/ig-parameter"><extension url="code"><valueString value="template-html"/></extension><extension url="value"><valueString value="template-page.html"/></extension></extension><extension url="http://hl7.org/fhir/tools/StructureDefinition/ig-parameter"><extension url="code"><valueString value="template-md"/></extension><extension url="value"><valueString value="template-page-md.html"/></extension></extension><extension url="http://hl7.org/fhir/tools/StructureDefinition/ig-parameter"><extension url="code"><valueString value="apply-contact"/></extension><extension url="value"><valueString value="true"/></extension></extension><extension url="http://hl7.org/fhir/tools/StructureDefinition/ig-parameter"><extension url="code"><valueString value="apply-context"/></extension><extension url="value"><valueString value="true"/></extension></extension><extension url="http://hl7.org/fhir/tools/StructureDefinition/ig-parameter"><extension url="code"><valueString value="apply-copyright"/></extension><extension url="value"><valueString value="true"/></extension></extension><extension url="http://hl7.org/fhir/tools/StructureDefinition/ig-parameter"><extension url="code"><valueString value="apply-jurisdiction"/></extension><extension url="value"><valueString value="true"/></extension></extension><extension url="http://hl7.org/fhir/tools/StructureDefinition/ig-parameter"><extension url="code"><valueString value="apply-license"/></extension><extension url="value"><valueString value="true"/></extension></extension><extension url="http://hl7.org/fhir/tools/StructureDefinition/ig-parameter"><extension url="code"><valueString value="apply-publisher"/></extension><extension url="value"><valueString value="true"/></extension></extension><extension url="http://hl7.org/fhir/tools/StructureDefinition/ig-parameter"><extension url="code"><valueString value="apply-version"/></extension><extension url="value"><valueString value="true"/></extension></extension><extension url="http://hl7.org/fhir/tools/StructureDefinition/ig-parameter"><extension url="code"><valueString value="active-tables"/></extension><extension url="value"><valueString value="true"/></extension></extension><extension url="http://hl7.org/fhir/tools/StructureDefinition/ig-parameter"><extension url="code"><valueString value="fmm-definition"/></extension><extension url="value"><valueString value="http://hl7.org/fhir/versions.html#maturity"/></extension></extension><extension url="http://hl7.org/fhir/tools/StructureDefinition/ig-parameter"><extension url="code"><valueString value="propagate-status"/></extension><extension url="value"><valueString value="true"/></extension></extension><extension url="http://hl7.org/fhir/tools/StructureDefinition/ig-parameter"><extension url="code"><valueString value="excludelogbinaryformat"/></extension><extension url="value"><valueString value="true"/></extension></extension><extension url="http://hl7.org/fhir/tools/StructureDefinition/ig-parameter"><extension url="code"><valueString value="tabbed-snapshots"/></extension><extension url="value"><valueString value="true"/></extension></extension><grouping id="-ex-example"><name value="Example: Example Instances"/><description value="These are example instances that show what data produced and consumed by systems conforming with this implementation guide might look like."/></grouping><resource><extension url="http://hl7.org/fhir/StructureDefinition/implementationguide-page"><valueUri value="DocumentReference-example1phq-2questionnaire.html"/></extension><reference><reference value="DocumentReference/example1phq-2questionnaire"/></reference><name value="DocRef Example1PHQ-2Questionnaire"/><description value="This is a an example of Example1PHQ-2Questionnaire  for the *US Core DocumentReference Profile*"/><exampleCanonical value="http://hl7.org/fhir/us/core/StructureDefinition/us-core-documentreference"/><groupingId value="-ex-example"/></resource><resource><extension url="http://hl7.org/fhir/StructureDefinition/implementationguide-page"><valueUri value="DocumentReference-example2ahn-hrsnquestionnaire.html"/></extension><reference><reference value="DocumentReference/example2ahn-hrsnquestionnaire"/></reference><name value="DocRef Example2AHN-HRSNQuestionnaire"/><description value="This is a an example of Example2AHN-HRSNQuestionnaire  for the *US Core DocumentReference Profile*"/><exampleCanonical value="http://hl7.org/fhir/us/core/StructureDefinition/us-core-documentreference"/><groupingId value="-ex-example"/></resource><resource><extension url="http://hl7.org/fhir/StructureDefinition/implementationguide-page"><valueUri value="DocumentReference-example3praparequestionnaire.html"/></extension><reference><reference value="DocumentReference/example3praparequestionnaire"/></reference><name value="DocRef Example3PRAPAREQuestionnaire"/><description value="This is a an example of Example3PRAPAREQuestionnaire  for the *US Core DocumentReference Profile*"/><exampleCanonical value="http://hl7.org/fhir/us/core/StructureDefinition/us-core-documentreference"/><groupingId value="-ex-example"/></resource><resource><extension url="http://hl7.org/fhir/StructureDefinition/implementationguide-page"><valueUri value="Questionnaire-55757-9.html"/></extension><reference><reference value="Questionnaire/55757-9"/></reference><name value="Example 1 PHQ-2 Questionnaire"/><description value="Example 1 PHQ-2 Questionnaire"/><exampleCanonical value="http://hl7.org/fhir/uv/sdc/StructureDefinition/sdc-questionnaire"/><groupingId value="-ex-example"/></resource><resource><extension url="http://hl7.org/fhir/StructureDefinition/implementationguide-page"><valueUri value="QuestionnaireResponse-5770517.html"/></extension><reference><reference value="QuestionnaireResponse/5770517"/></reference><name value="Example 1 PHQ-2 QuestionnaireResponse"/><description value="Example 1 PHQ-2 QuestionnaireResponse"/><exampleCanonical value="http://hl7.org/fhir/uv/sdc/StructureDefinition/sdc-questionnaireresponse"/><groupingId value="-ex-example"/></resource><resource><extension url="http://hl7.org/fhir/StructureDefinition/implementationguide-page"><valueUri value="Questionnaire-96777-8.html"/></extension><reference><reference value="Questionnaire/96777-8"/></reference><name value="Example 2 AHN-HRSN Questionnaire"/><description value="Example 2 AHN-HRSN Questionnaire"/><exampleCanonical value="http://hl7.org/fhir/uv/sdc/StructureDefinition/sdc-questionnaire"/><groupingId value="-ex-example"/></resource><resource><extension url="http://hl7.org/fhir/StructureDefinition/implementationguide-page"><valueUri value="Questionnaire-93025-5.html"/></extension><reference><reference value="Questionnaire/93025-5"/></reference><name value="Example 3 PRAPARE Questionnaire"/><description value="Example 3 PRAPARE Questionnaire"/><exampleCanonical value="http://hl7.org/fhir/uv/sdc/StructureDefinition/sdc-questionnaire"/><groupingId value="-ex-example"/></resource><resource><extension url="http://hl7.org/fhir/StructureDefinition/implementationguide-page"><valueUri value="Observation-CSV-AHN-HRSNExample2-71802-3.html"/></extension><reference><reference value="Observation/CSV-AHN-HRSNExample2-71802-3"/></reference><name value="Csv-Ahn-Hrsnexample2-71802-3"/><description value="This is a an example of 71802-3 Housing status for the *US Core Observation Screening Assessment Profile*"/><exampleBoolean value="true"/><groupingId value="-ex-example"/></resource><resource><extension url="http://hl7.org/fhir/StructureDefinition/implementationguide-page"><valueUri value="Observation-CSV-AHN-HRSNExample2-88122-7.html"/></extension><reference><reference value="Observation/CSV-AHN-HRSNExample2-88122-7"/></reference><name value="Csv-Ahn-Hrsnexample2-88122-7"/><description value="This is a an example of 88122-7 Within the past 12 months we worried whether our food would run out before we got money to buy more [U.S. FSS] for the *US Core Observation Screening Assessment Profile*"/><exampleBoolean value="true"/><groupingId value="-ex-example"/></resource><resource><extension url="http://hl7.org/fhir/StructureDefinition/implementationguide-page"><valueUri value="Observation-CSV-AHN-HRSNExample2-88123-5.html"/></extension><reference><reference value="Observation/CSV-AHN-HRSNExample2-88123-5"/></reference><name value="Csv-Ahn-Hrsnexample2-88123-5"/><description value="This is a an example of 88123-5 Within the past 12 months the food we bought just didn't last and we didn't have money to get more [U.S. FSS] for the *US Core Observation Screening Assessment Profile*"/><exampleBoolean value="true"/><groupingId value="-ex-example"/></resource><resource><extension url="http://hl7.org/fhir/StructureDefinition/implementationguide-page"><valueUri value="Observation-CSV-AHN-HRSNExample2-93030-5.html"/></extension><reference><reference value="Observation/CSV-AHN-HRSNExample2-93030-5"/></reference><name value="Csv-Ahn-Hrsnexample2-93030-5"/><description value="This is a an example of 93030-5 Has lack of transportation kept you from medical appointments, meetings, work, or from getting things needed for daily living for the *US Core Observation Screening Assessment Profile*"/><exampleBoolean value="true"/><groupingId value="-ex-example"/></resource><resource><extension url="http://hl7.org/fhir/StructureDefinition/implementationguide-page"><valueUri value="Observation-CSV-AHN-HRSNExample2-95614-4.html"/></extension><reference><reference value="Observation/CSV-AHN-HRSNExample2-95614-4"/></reference><name value="Csv-Ahn-Hrsnexample2-95614-4"/><description value="This is a an example of 95614-4 Total score [HITS] for the *US Core Observation Screening Assessment Profile*"/><exampleBoolean value="true"/><groupingId value="-ex-example"/></resource><resource><extension url="http://hl7.org/fhir/StructureDefinition/implementationguide-page"><valueUri value="Observation-CSV-AHN-HRSNExample2-95615-1.html"/></extension><reference><reference value="Observation/CSV-AHN-HRSNExample2-95615-1"/></reference><name value="Csv-Ahn-Hrsnexample2-95615-1"/><description value="This is a an example of 95615-1 Scream or curse at you [HITS] for the *US Core Observation Screening Assessment Profile*"/><exampleBoolean value="true"/><groupingId value="-ex-example"/></resource><resource><extension url="http://hl7.org/fhir/StructureDefinition/implementationguide-page"><valueUri value="Observation-CSV-AHN-HRSNExample2-95616-9.html"/></extension><reference><reference value="Observation/CSV-AHN-HRSNExample2-95616-9"/></reference><name value="Csv-Ahn-Hrsnexample2-95616-9"/><description value="This is a an example of 95616-9 Threaten you with physical harm [HITS] for the *US Core Observation Screening Assessment Profile*"/><exampleBoolean value="true"/><groupingId value="-ex-example"/></resource><resource><extension url="http://hl7.org/fhir/StructureDefinition/implementationguide-page"><valueUri value="Observation-CSV-AHN-HRSNExample2-95617-7.html"/></extension><reference><reference value="Observation/CSV-AHN-HRSNExample2-95617-7"/></reference><name value="Csv-Ahn-Hrsnexample2-95617-7"/><description value="This is a an example of 95617-7 Insult you or talk down to you [HITS] for the *US Core Observation Screening Assessment Profile*"/><exampleBoolean value="true"/><groupingId value="-ex-example"/></resource><resource><extension url="http://hl7.org/fhir/StructureDefinition/implementationguide-page"><valueUri value="Observation-CSV-AHN-HRSNExample2-95618-5.html"/></extension><reference><reference value="Observation/CSV-AHN-HRSNExample2-95618-5"/></reference><name value="Csv-Ahn-Hrsnexample2-95618-5"/><description value="This is a an example of 95618-5 Physically hurt you [HITS] for the *US Core Observation Screening Assessment Profile*"/><exampleBoolean value="true"/><groupingId value="-ex-example"/></resource><resource><extension url="http://hl7.org/fhir/StructureDefinition/implementationguide-page"><valueUri value="Observation-CSV-AHN-HRSNExample2-96777-8.html"/></extension><reference><reference value="Observation/CSV-AHN-HRSNExample2-96777-8"/></reference><name value="Csv-Ahn-Hrsnexample2-96777-8"/><description value="This is a an example of 96777-8 Accountable health communities (AHC) health-related social needs screening (HRSN) tool for the *US Core Observation Screening Assessment Profile*"/><exampleBoolean value="true"/><groupingId value="-ex-example"/></resource><resource><extension url="http://hl7.org/fhir/StructureDefinition/implementationguide-page"><valueUri value="Observation-CSV-AHN-HRSNExample2-96778-6.html"/></extension><reference><reference value="Observation/CSV-AHN-HRSNExample2-96778-6"/></reference><name value="Csv-Ahn-Hrsnexample2-96778-6"/><description value="This is a an example of 96778-6 Problems with place where you live for the *US Core Observation Screening Assessment Profile*"/><exampleBoolean value="true"/><groupingId value="-ex-example"/></resource><resource><extension url="http://hl7.org/fhir/StructureDefinition/implementationguide-page"><valueUri value="Observation-CSV-AHN-HRSNExample2-96778-6answer-0.html"/></extension><reference><reference value="Observation/CSV-AHN-HRSNExample2-96778-6answer-0"/></reference><name value="Csv-Ahn-Hrsnexample2-96778-6Answer-0"/><description value="This is a an example of 96778-6[0] Problems with place where you live for the *US Core Observation Screening Assessment Profile*"/><exampleBoolean value="true"/><groupingId value="-ex-example"/></resource><resource><extension url="http://hl7.org/fhir/StructureDefinition/implementationguide-page"><valueUri value="Observation-CSV-AHN-HRSNExample2-96778-6answer-5.html"/></extension><reference><reference value="Observation/CSV-AHN-HRSNExample2-96778-6answer-5"/></reference><name value="Csv-Ahn-Hrsnexample2-96778-6Answer-5"/><description value="This is a an example of 96778-6[5] Problems with place where you live for the *US Core Observation Screening Assessment Profile*"/><exampleBoolean value="true"/><groupingId value="-ex-example"/></resource><resource><extension url="http://hl7.org/fhir/StructureDefinition/implementationguide-page"><valueUri value="Observation-CSV-AHN-HRSNExample2-96778-6answer-6.html"/></extension><reference><reference value="Observation/CSV-AHN-HRSNExample2-96778-6answer-6"/></reference><name value="Csv-Ahn-Hrsnexample2-96778-6Answer-6"/><description value="This is a an example of 96778-6[6] Problems with place where you live for the *US Core Observation Screening Assessment Profile*"/><exampleBoolean value="true"/><groupingId value="-ex-example"/></resource><resource><extension url="http://hl7.org/fhir/StructureDefinition/implementationguide-page"><valueUri value="Observation-CSV-AHN-HRSNExample2-96779-4.html"/></extension><reference><reference value="Observation/CSV-AHN-HRSNExample2-96779-4"/></reference><name value="Csv-Ahn-Hrsnexample2-96779-4"/><description value="This is a an example of 96779-4 Has the electric, gas, oil, or water company threatened to shut off services in your home in past 12 months for the *US Core Observation Screening Assessment Profile*"/><exampleBoolean value="true"/><groupingId value="-ex-example"/></resource><resource><extension url="http://hl7.org/fhir/StructureDefinition/implementationguide-page"><valueUri value="Observation-CSV-PHQ-2Example1-44250-9.html"/></extension><reference><reference value="Observation/CSV-PHQ-2Example1-44250-9"/></reference><name value="Csv-Phq-2Example1-44250-9"/><description value="This is a an example of 44250-9 Little interest or pleasure in doing things in last 2 weeks for the *US Core Observation Screening Assessment Profile*"/><exampleBoolean value="true"/><groupingId value="-ex-example"/></resource><resource><extension url="http://hl7.org/fhir/StructureDefinition/implementationguide-page"><valueUri value="Observation-CSV-PHQ-2Example1-44255-8.html"/></extension><reference><reference value="Observation/CSV-PHQ-2Example1-44255-8"/></reference><name value="Csv-Phq-2Example1-44255-8"/><description value="This is a an example of 44255-8 Feeling down, depressed, or hopeless in last 2 weeks for the *US Core Observation Screening Assessment Profile*"/><exampleBoolean value="true"/><groupingId value="-ex-example"/></resource><resource><extension url="http://hl7.org/fhir/StructureDefinition/implementationguide-page"><valueUri value="Observation-CSV-PHQ-2Example1-55757-9.html"/></extension><reference><reference value="Observation/CSV-PHQ-2Example1-55757-9"/></reference><name value="Csv-Phq-2Example1-55757-9"/><description value="This is a an example of 55757-9 Patient Health Questionnaire 2 item (PHQ-2) [Reported] for the *US Core Observation Screening Assessment Profile*"/><exampleBoolean value="true"/><groupingId value="-ex-example"/></resource><resource><extension url="http://hl7.org/fhir/StructureDefinition/implementationguide-page"><valueUri value="Observation-CSV-PHQ-2Example1-55758-7.html"/></extension><reference><reference value="Observation/CSV-PHQ-2Example1-55758-7"/></reference><name value="Csv-Phq-2Example1-55758-7"/><description value="This is a an example of 55758-7 Patient Health Questionnaire 2 item (PHQ-2) total score [Reported] for the *US Core Observation Screening Assessment Profile*"/><exampleBoolean value="true"/><groupingId value="-ex-example"/></resource><resource><extension url="http://hl7.org/fhir/StructureDefinition/implementationguide-page"><valueUri value="Observation-PHQ2-item-example-44250-9.html"/></extension><reference><reference value="Observation/PHQ2-item-example-44250-9"/></reference><name value="Phq2 Item Example 44250-9"/><description value="This is a Phq2 Item Example 44250-9 (Little interest or pleasure in doing things) for the *US Core Observation Screening Assessment Profile*"/><exampleBoolean value="true"/><groupingId value="-ex-example"/></resource><resource><extension url="http://hl7.org/fhir/StructureDefinition/implementationguide-page"><valueUri value="Observation-PHQ2-item-example-44255-8.html"/></extension><reference><reference value="Observation/PHQ2-item-example-44255-8"/></reference><name value="Phq2 Item Example 44255-8"/><description value="This is a Phq2 Item Example 44255-8 (Feeling down, depressed, or hopeless) for the *US Core Observation Screening Assessment Profile*"/><exampleBoolean value="true"/><groupingId value="-ex-example"/></resource><resource><extension url="http://hl7.org/fhir/StructureDefinition/implementationguide-page"><valueUri value="Observation-PHQ2-item-example-55758-7.html"/></extension><reference><reference value="Observation/PHQ2-item-example-55758-7"/></reference><name value="Phq2 Item Example 55758-7"/><description value="This is a Phq2 Item Example 55758-7 (Patient health questionnaire 2 item total score) for the *US Core Observation Screening Assessment Profile*"/><exampleBoolean value="true"/><groupingId value="-ex-example"/></resource><resource><extension url="http://hl7.org/fhir/StructureDefinition/implementationguide-page"><valueUri value="Observation-PHQ2-panel-example-55757-9.html"/></extension><reference><reference value="Observation/PHQ2-panel-example-55757-9"/></reference><name value="Phq2 Panel Example 55757-9"/><description value="This is a Phq2 Panel Example 55757-9 (Patient Health Questionnaire 2 item (PHQ-2) [Reported]) for the *US Core Observation Screening Assessment Profile*"/><exampleBoolean value="true"/><groupingId value="-ex-example"/></resource><resource><extension url="http://hl7.org/fhir/StructureDefinition/implementationguide-page"><valueUri value="Observation-PRAPARE-Example3-32624-9.html"/></extension><reference><reference value="Observation/PRAPARE-Example3-32624-9"/></reference><name value="Prapare-Example3-32624-9"/><description value="This is a an example of 32624-9 Race for the *US Core Observation Screening Assessment Profile*"/><exampleBoolean value="true"/><groupingId value="-ex-example"/></resource><resource><extension url="http://hl7.org/fhir/StructureDefinition/implementationguide-page"><valueUri value="Observation-PRAPARE-Example3-32624-9answer-0.html"/></extension><reference><reference value="Observation/PRAPARE-Example3-32624-9answer-0"/></reference><name value="Prapare-Example3-32624-9Answer-0"/><description value="This is a an example of 32624-9[0] Race for the *US Core Observation Screening Assessment Profile*"/><exampleBoolean value="true"/><groupingId value="-ex-example"/></resource><resource><extension url="http://hl7.org/fhir/StructureDefinition/implementationguide-page"><valueUri value="Observation-PRAPARE-Example3-54899-0.html"/></extension><reference><reference value="Observation/PRAPARE-Example3-54899-0"/></reference><name value="Prapare-Example3-54899-0"/><description value="This is a an example of 54899-0 Preferred language for the *US Core Observation Screening Assessment Profile*"/><exampleBoolean value="true"/><groupingId value="-ex-example"/></resource><resource><extension url="http://hl7.org/fhir/StructureDefinition/implementationguide-page"><valueUri value="Observation-PRAPARE-Example3-56051-6.html"/></extension><reference><reference value="Observation/PRAPARE-Example3-56051-6"/></reference><name value="Prapare-Example3-56051-6"/><description value="This is a an example of 56051-6 Hispanic or Latino for the *US Core Observation Screening Assessment Profile*"/><exampleBoolean value="true"/><groupingId value="-ex-example"/></resource><resource><extension url="http://hl7.org/fhir/StructureDefinition/implementationguide-page"><valueUri value="Observation-PRAPARE-Example3-56799-0.html"/></extension><reference><reference value="Observation/PRAPARE-Example3-56799-0"/></reference><name value="Prapare-Example3-56799-0"/><description value="This is a an example of 56799-0 Address for the *US Core Observation Screening Assessment Profile*"/><exampleBoolean value="true"/><groupingId value="-ex-example"/></resource><resource><extension url="http://hl7.org/fhir/StructureDefinition/implementationguide-page"><valueUri value="Observation-PRAPARE-Example3-63512-8.html"/></extension><reference><reference value="Observation/PRAPARE-Example3-63512-8"/></reference><name value="Prapare-Example3-63512-8"/><description value="This is a an example of 63512-8 How many people are living or staying at this address [#] for the *US Core Observation Screening Assessment Profile*"/><exampleBoolean value="true"/><groupingId value="-ex-example"/></resource><resource><extension url="http://hl7.org/fhir/StructureDefinition/implementationguide-page"><valueUri value="Observation-PRAPARE-Example3-63586-2.html"/></extension><reference><reference value="Observation/PRAPARE-Example3-63586-2"/></reference><name value="Prapare-Example3-63586-2"/><description value="This is a an example of 63586-2 What was your best estimate of the total income of all family members from all sources, before taxes, in last year [PhenX] for the *US Core Observation Screening Assessment Profile*"/><exampleBoolean value="true"/><groupingId value="-ex-example"/></resource><resource><extension url="http://hl7.org/fhir/StructureDefinition/implementationguide-page"><valueUri value="Observation-PRAPARE-Example3-67875-5.html"/></extension><reference><reference value="Observation/PRAPARE-Example3-67875-5"/></reference><name value="Prapare-Example3-67875-5"/><description value="This is a an example of 67875-5 Employment status - current for the *US Core Observation Screening Assessment Profile*"/><exampleBoolean value="true"/><groupingId value="-ex-example"/></resource><resource><extension url="http://hl7.org/fhir/StructureDefinition/implementationguide-page"><valueUri value="Observation-PRAPARE-Example3-71802-3.html"/></extension><reference><reference value="Observation/PRAPARE-Example3-71802-3"/></reference><name value="Prapare-Example3-71802-3"/><description value="This is a an example of 71802-3 Housing status for the *US Core Observation Screening Assessment Profile*"/><exampleBoolean value="true"/><groupingId value="-ex-example"/></resource><resource><extension url="http://hl7.org/fhir/StructureDefinition/implementationguide-page"><valueUri value="Observation-PRAPARE-Example3-76437-3.html"/></extension><reference><reference value="Observation/PRAPARE-Example3-76437-3"/></reference><name value="Prapare-Example3-76437-3"/><description value="This is a an example of 76437-3 Primary insurance for the *US Core Observation Screening Assessment Profile*"/><exampleBoolean value="true"/><groupingId value="-ex-example"/></resource><resource><extension url="http://hl7.org/fhir/StructureDefinition/implementationguide-page"><valueUri value="Observation-PRAPARE-Example3-82589-3.html"/></extension><reference><reference value="Observation/PRAPARE-Example3-82589-3"/></reference><name value="Prapare-Example3-82589-3"/><description value="This is a an example of 82589-3 Highest level of education for the *US Core Observation Screening Assessment Profile*"/><exampleBoolean value="true"/><groupingId value="-ex-example"/></resource><resource><extension url="http://hl7.org/fhir/StructureDefinition/implementationguide-page"><valueUri value="Observation-PRAPARE-Example3-93025-5.html"/></extension><reference><reference value="Observation/PRAPARE-Example3-93025-5"/></reference><name value="Prapare-Example3-93025-5"/><description value="This is a an example of 93025-5 Protocol for Responding to and Assessing Patients' Assets, Risks, and Experiences [PRAPARE] for the *US Core Observation Screening Assessment Profile*"/><exampleBoolean value="true"/><groupingId value="-ex-example"/></resource><resource><extension url="http://hl7.org/fhir/StructureDefinition/implementationguide-page"><valueUri value="Observation-PRAPARE-Example3-93029-7.html"/></extension><reference><reference value="Observation/PRAPARE-Example3-93029-7"/></reference><name value="Prapare-Example3-93029-7"/><description value="This is a an example of 93029-7 How often do you see or talk to people that you care about and feel close to [PRAPARE] for the *US Core Observation Screening Assessment Profile*"/><exampleBoolean value="true"/><groupingId value="-ex-example"/></resource><resource><extension url="http://hl7.org/fhir/StructureDefinition/implementationguide-page"><valueUri value="Observation-PRAPARE-Example3-93030-5.html"/></extension><reference><reference value="Observation/PRAPARE-Example3-93030-5"/></reference><name value="Prapare-Example3-93030-5"/><description value="This is a an example of 93030-5 Has lack of transportation kept you from medical appointments, meetings, work, or from getting things needed for daily living for the *US Core Observation Screening Assessment Profile*"/><exampleBoolean value="true"/><groupingId value="-ex-example"/></resource><resource><extension url="http://hl7.org/fhir/StructureDefinition/implementationguide-page"><valueUri value="Observation-PRAPARE-Example3-93030-5answer-0.html"/></extension><reference><reference value="Observation/PRAPARE-Example3-93030-5answer-0"/></reference><name value="Prapare-Example3-93030-5Answer-0"/><description value="This is a an example of 93030-5[0] Has lack of transportation kept you from medical appointments, meetings, work, or from getting things needed for daily living for the *US Core Observation Screening Assessment Profile*"/><exampleBoolean value="true"/><groupingId value="-ex-example"/></resource><resource><extension url="http://hl7.org/fhir/StructureDefinition/implementationguide-page"><valueUri value="Observation-PRAPARE-Example3-93033-9.html"/></extension><reference><reference value="Observation/PRAPARE-Example3-93033-9"/></reference><name value="Prapare-Example3-93033-9"/><description value="This is a an example of 93033-9 Are you worried about losing your housing [PRAPARE] for the *US Core Observation Screening Assessment Profile*"/><exampleBoolean value="true"/><groupingId value="-ex-example"/></resource><resource><extension url="http://hl7.org/fhir/StructureDefinition/implementationguide-page"><valueUri value="Observation-PRAPARE-Example3-93034-7.html"/></extension><reference><reference value="Observation/PRAPARE-Example3-93034-7"/></reference><name value="Prapare-Example3-93034-7"/><description value="This is a an example of 93034-7 Discharged from the U.S. Armed Forces for the *US Core Observation Screening Assessment Profile*"/><exampleBoolean value="true"/><groupingId value="-ex-example"/></resource><resource><extension url="http://hl7.org/fhir/StructureDefinition/implementationguide-page"><valueUri value="Observation-PRAPARE-Example3-93035-4.html"/></extension><reference><reference value="Observation/PRAPARE-Example3-93035-4"/></reference><name value="Prapare-Example3-93035-4"/><description value="This is a an example of 93035-4 Has season or migrant farm work been your or your family's main source of income at any point in past 2 years [PRAPARE] for the *US Core Observation Screening Assessment Profile*"/><exampleBoolean value="true"/><groupingId value="-ex-example"/></resource><resource><extension url="http://hl7.org/fhir/StructureDefinition/implementationguide-page"><valueUri value="Observation-PRAPARE-Example3-93038-8.html"/></extension><reference><reference value="Observation/PRAPARE-Example3-93038-8"/></reference><name value="Prapare-Example3-93038-8"/><description value="This is a an example of 93038-8 Stress level for the *US Core Observation Screening Assessment Profile*"/><exampleBoolean value="true"/><groupingId value="-ex-example"/></resource><resource><extension url="http://hl7.org/fhir/StructureDefinition/implementationguide-page"><valueUri value="Observation-PRAPARE-Example3-93040-4.html"/></extension><reference><reference value="Observation/PRAPARE-Example3-93040-4"/></reference><name value="Prapare-Example3-93040-4"/><description value="This is a an example of 93040-4 Social and emotional health [PRAPARE] for the *US Core Observation Screening Assessment Profile*"/><exampleBoolean value="true"/><groupingId value="-ex-example"/></resource><resource><extension url="http://hl7.org/fhir/StructureDefinition/implementationguide-page"><valueUri value="Observation-PRAPARE-Example3-93041-2.html"/></extension><reference><reference value="Observation/PRAPARE-Example3-93041-2"/></reference><name value="Prapare-Example3-93041-2"/><description value="This is a an example of 93041-2 Money and resources [PRAPARE] for the *US Core Observation Screening Assessment Profile*"/><exampleBoolean value="true"/><groupingId value="-ex-example"/></resource><resource><extension url="http://hl7.org/fhir/StructureDefinition/implementationguide-page"><valueUri value="Observation-PRAPARE-Example3-93042-0.html"/></extension><reference><reference value="Observation/PRAPARE-Example3-93042-0"/></reference><name value="Prapare-Example3-93042-0"/><description value="This is a an example of 93042-0 Family and home [PRAPARE] for the *US Core Observation Screening Assessment Profile*"/><exampleBoolean value="true"/><groupingId value="-ex-example"/></resource><resource><extension url="http://hl7.org/fhir/StructureDefinition/implementationguide-page"><valueUri value="Observation-PRAPARE-Example3-93043-8.html"/></extension><reference><reference value="Observation/PRAPARE-Example3-93043-8"/></reference><name value="Prapare-Example3-93043-8"/><description value="This is a an example of 93043-8 Personal characteristics [PRAPARE] for the *US Core Observation Screening Assessment Profile*"/><exampleBoolean value="true"/><groupingId value="-ex-example"/></resource><page><extension url="http://hl7.org/fhir/StructureDefinition/structuredefinition-standards-status"><valueCode value="informative"/></extension><extension url="http://hl7.org/fhir/tools/StructureDefinition/ig-page-name"><valueUrl value="toc.html"/></extension><nameUrl value="toc.html"/><title value="Table of Contents"/><generation value="html"/><page><extension url="http://hl7.org/fhir/StructureDefinition/structuredefinition-standards-status"><valueCode value="draft"/></extension><extension url="http://hl7.org/fhir/tools/StructureDefinition/ig-page-name"><valueUrl value="index.html"/></extension><nameUrl value="index.html"/><title value="Home"/><generation value="markdown"/></page><page><extension url="http://hl7.org/fhir/tools/StructureDefinition/ig-page-name"><valueUrl value="artifacts.html"/></extension><nameUrl value="artifacts.html"/><title value="Artifacts Summary"/><generation value="html"/><page><extension url="http://hl7.org/fhir/tools/StructureDefinition/ig-page-name"><valueUrl value="DocumentReference-example1phq-2questionnaire.html"/></extension><nameUrl value="DocumentReference-example1phq-2questionnaire.html"/><title value="DocRef Example1PHQ-2Questionnaire"/><generation value="generated"/></page><page><extension url="http://hl7.org/fhir/tools/StructureDefinition/ig-page-name"><valueUrl value="DocumentReference-example2ahn-hrsnquestionnaire.html"/></extension><nameUrl value="DocumentReference-example2ahn-hrsnquestionnaire.html"/><title value="DocRef Example2AHN-HRSNQuestionnaire"/><generation value="generated"/></page><page><extension url="http://hl7.org/fhir/tools/StructureDefinition/ig-page-name"><valueUrl value="DocumentReference-example3praparequestionnaire.html"/></extension><nameUrl value="DocumentReference-example3praparequestionnaire.html"/><title value="DocRef Example3PRAPAREQuestionnaire"/><generation value="generated"/></page><page><extension url="http://hl7.org/fhir/tools/StructureDefinition/ig-page-name"><valueUrl value="Questionnaire-55757-9.html"/></extension><nameUrl value="Questionnaire-55757-9.html"/><title value="Example 1 PHQ-2 Questionnaire"/><generation value="generated"/></page><page><extension url="http://hl7.org/fhir/tools/StructureDefinition/ig-page-name"><valueUrl value="QuestionnaireResponse-5770517.html"/></extension><nameUrl value="QuestionnaireResponse-5770517.html"/><title value="Example 1 PHQ-2 QuestionnaireResponse"/><generation value="generated"/></page><page><extension url="http://hl7.org/fhir/tools/StructureDefinition/ig-page-name"><valueUrl value="Questionnaire-96777-8.html"/></extension><nameUrl value="Questionnaire-96777-8.html"/><title value="Example 2 AHN-HRSN Questionnaire"/><generation value="generated"/></page><page><extension url="http://hl7.org/fhir/tools/StructureDefinition/ig-page-name"><valueUrl value="Questionnaire-93025-5.html"/></extension><nameUrl value="Questionnaire-93025-5.html"/><title value="Example 3 PRAPARE Questionnaire"/><generation value="generated"/></page><page><extension url="http://hl7.org/fhir/tools/StructureDefinition/ig-page-name"><valueUrl value="Observation-CSV-AHN-HRSNExample2-71802-3.html"/></extension><nameUrl value="Observation-CSV-AHN-HRSNExample2-71802-3.html"/><title value="Csv-Ahn-Hrsnexample2-71802-3"/><generation value="generated"/></page><page><extension url="http://hl7.org/fhir/tools/StructureDefinition/ig-page-name"><valueUrl value="Observation-CSV-AHN-HRSNExample2-88122-7.html"/></extension><nameUrl value="Observation-CSV-AHN-HRSNExample2-88122-7.html"/><title value="Csv-Ahn-Hrsnexample2-88122-7"/><generation value="generated"/></page><page><extension url="http://hl7.org/fhir/tools/StructureDefinition/ig-page-name"><valueUrl value="Observation-CSV-AHN-HRSNExample2-88123-5.html"/></extension><nameUrl value="Observation-CSV-AHN-HRSNExample2-88123-5.html"/><title value="Csv-Ahn-Hrsnexample2-88123-5"/><generation value="generated"/></page><page><extension url="http://hl7.org/fhir/tools/StructureDefinition/ig-page-name"><valueUrl value="Observation-CSV-AHN-HRSNExample2-93030-5.html"/></extension><nameUrl value="Observation-CSV-AHN-HRSNExample2-93030-5.html"/><title value="Csv-Ahn-Hrsnexample2-93030-5"/><generation value="generated"/></page><page><extension url="http://hl7.org/fhir/tools/StructureDefinition/ig-page-name"><valueUrl value="Observation-CSV-AHN-HRSNExample2-95614-4.html"/></extension><nameUrl value="Observation-CSV-AHN-HRSNExample2-95614-4.html"/><title value="Csv-Ahn-Hrsnexample2-95614-4"/><generation value="generated"/></page><page><extension url="http://hl7.org/fhir/tools/StructureDefinition/ig-page-name"><valueUrl value="Observation-CSV-AHN-HRSNExample2-95615-1.html"/></extension><nameUrl value="Observation-CSV-AHN-HRSNExample2-95615-1.html"/><title value="Csv-Ahn-Hrsnexample2-95615-1"/><generation value="generated"/></page><page><extension url="http://hl7.org/fhir/tools/StructureDefinition/ig-page-name"><valueUrl value="Observation-CSV-AHN-HRSNExample2-95616-9.html"/></extension><nameUrl value="Observation-CSV-AHN-HRSNExample2-95616-9.html"/><title value="Csv-Ahn-Hrsnexample2-95616-9"/><generation value="generated"/></page><page><extension url="http://hl7.org/fhir/tools/StructureDefinition/ig-page-name"><valueUrl value="Observation-CSV-AHN-HRSNExample2-95617-7.html"/></extension><nameUrl value="Observation-CSV-AHN-HRSNExample2-95617-7.html"/><title value="Csv-Ahn-Hrsnexample2-95617-7"/><generation value="generated"/></page><page><extension url="http://hl7.org/fhir/tools/StructureDefinition/ig-page-name"><valueUrl value="Observation-CSV-AHN-HRSNExample2-95618-5.html"/></extension><nameUrl value="Observation-CSV-AHN-HRSNExample2-95618-5.html"/><title value="Csv-Ahn-Hrsnexample2-95618-5"/><generation value="generated"/></page><page><extension url="http://hl7.org/fhir/tools/StructureDefinition/ig-page-name"><valueUrl value="Observation-CSV-AHN-HRSNExample2-96777-8.html"/></extension><nameUrl value="Observation-CSV-AHN-HRSNExample2-96777-8.html"/><title value="Csv-Ahn-Hrsnexample2-96777-8"/><generation value="generated"/></page><page><extension url="http://hl7.org/fhir/tools/StructureDefinition/ig-page-name"><valueUrl value="Observation-CSV-AHN-HRSNExample2-96778-6.html"/></extension><nameUrl value="Observation-CSV-AHN-HRSNExample2-96778-6.html"/><title value="Csv-Ahn-Hrsnexample2-96778-6"/><generation value="generated"/></page><page><extension url="http://hl7.org/fhir/tools/StructureDefinition/ig-page-name"><valueUrl value="Observation-CSV-AHN-HRSNExample2-96778-6answer-0.html"/></extension><nameUrl value="Observation-CSV-AHN-HRSNExample2-96778-6answer-0.html"/><title value="Csv-Ahn-Hrsnexample2-96778-6Answer-0"/><generation value="generated"/></page><page><extension url="http://hl7.org/fhir/tools/StructureDefinition/ig-page-name"><valueUrl value="Observation-CSV-AHN-HRSNExample2-96778-6answer-5.html"/></extension><nameUrl value="Observation-CSV-AHN-HRSNExample2-96778-6answer-5.html"/><title value="Csv-Ahn-Hrsnexample2-96778-6Answer-5"/><generation value="generated"/></page><page><extension url="http://hl7.org/fhir/tools/StructureDefinition/ig-page-name"><valueUrl value="Observation-CSV-AHN-HRSNExample2-96778-6answer-6.html"/></extension><nameUrl value="Observation-CSV-AHN-HRSNExample2-96778-6answer-6.html"/><title value="Csv-Ahn-Hrsnexample2-96778-6Answer-6"/><generation value="generated"/></page><page><extension url="http://hl7.org/fhir/tools/StructureDefinition/ig-page-name"><valueUrl value="Observation-CSV-AHN-HRSNExample2-96779-4.html"/></extension><nameUrl value="Observation-CSV-AHN-HRSNExample2-96779-4.html"/><title value="Csv-Ahn-Hrsnexample2-96779-4"/><generation value="generated"/></page><page><extension url="http://hl7.org/fhir/tools/StructureDefinition/ig-page-name"><valueUrl value="Observation-CSV-PHQ-2Example1-44250-9.html"/></extension><nameUrl value="Observation-CSV-PHQ-2Example1-44250-9.html"/><title value="Csv-Phq-2Example1-44250-9"/><generation value="generated"/></page><page><extension url="http://hl7.org/fhir/tools/StructureDefinition/ig-page-name"><valueUrl value="Observation-CSV-PHQ-2Example1-44255-8.html"/></extension><nameUrl value="Observation-CSV-PHQ-2Example1-44255-8.html"/><title value="Csv-Phq-2Example1-44255-8"/><generation value="generated"/></page><page><extension url="http://hl7.org/fhir/tools/StructureDefinition/ig-page-name"><valueUrl value="Observation-CSV-PHQ-2Example1-55757-9.html"/></extension><nameUrl value="Observation-CSV-PHQ-2Example1-55757-9.html"/><title value="Csv-Phq-2Example1-55757-9"/><generation value="generated"/></page><page><extension url="http://hl7.org/fhir/tools/StructureDefinition/ig-page-name"><valueUrl value="Observation-CSV-PHQ-2Example1-55758-7.html"/></extension><nameUrl value="Observation-CSV-PHQ-2Example1-55758-7.html"/><title value="Csv-Phq-2Example1-55758-7"/><generation value="generated"/></page><page><extension url="http://hl7.org/fhir/tools/StructureDefinition/ig-page-name"><valueUrl value="Observation-PHQ2-item-example-44250-9.html"/></extension><nameUrl value="Observation-PHQ2-item-example-44250-9.html"/><title value="Phq2 Item Example 44250-9"/><generation value="generated"/></page><page><extension url="http://hl7.org/fhir/tools/StructureDefinition/ig-page-name"><valueUrl value="Observation-PHQ2-item-example-44255-8.html"/></extension><nameUrl value="Observation-PHQ2-item-example-44255-8.html"/><title value="Phq2 Item Example 44255-8"/><generation value="generated"/></page><page><extension url="http://hl7.org/fhir/tools/StructureDefinition/ig-page-name"><valueUrl value="Observation-PHQ2-item-example-55758-7.html"/></extension><nameUrl value="Observation-PHQ2-item-example-55758-7.html"/><title value="Phq2 Item Example 55758-7"/><generation value="generated"/></page><page><extension url="http://hl7.org/fhir/tools/StructureDefinition/ig-page-name"><valueUrl value="Observation-PHQ2-panel-example-55757-9.html"/></extension><nameUrl value="Observation-PHQ2-panel-example-55757-9.html"/><title value="Phq2 Panel Example 55757-9"/><generation value="generated"/></page><page><extension url="http://hl7.org/fhir/tools/StructureDefinition/ig-page-name"><valueUrl value="Observation-PRAPARE-Example3-32624-9.html"/></extension><nameUrl value="Observation-PRAPARE-Example3-32624-9.html"/><title value="Prapare-Example3-32624-9"/><generation value="generated"/></page><page><extension url="http://hl7.org/fhir/tools/StructureDefinition/ig-page-name"><valueUrl value="Observation-PRAPARE-Example3-32624-9answer-0.html"/></extension><nameUrl value="Observation-PRAPARE-Example3-32624-9answer-0.html"/><title value="Prapare-Example3-32624-9Answer-0"/><generation value="generated"/></page><page><extension url="http://hl7.org/fhir/tools/StructureDefinition/ig-page-name"><valueUrl value="Observation-PRAPARE-Example3-54899-0.html"/></extension><nameUrl value="Observation-PRAPARE-Example3-54899-0.html"/><title value="Prapare-Example3-54899-0"/><generation value="generated"/></page><page><extension url="http://hl7.org/fhir/tools/StructureDefinition/ig-page-name"><valueUrl value="Observation-PRAPARE-Example3-56051-6.html"/></extension><nameUrl value="Observation-PRAPARE-Example3-56051-6.html"/><title value="Prapare-Example3-56051-6"/><generation value="generated"/></page><page><extension url="http://hl7.org/fhir/tools/StructureDefinition/ig-page-name"><valueUrl value="Observation-PRAPARE-Example3-56799-0.html"/></extension><nameUrl value="Observation-PRAPARE-Example3-56799-0.html"/><title value="Prapare-Example3-56799-0"/><generation value="generated"/></page><page><extension url="http://hl7.org/fhir/tools/StructureDefinition/ig-page-name"><valueUrl value="Observation-PRAPARE-Example3-63512-8.html"/></extension><nameUrl value="Observation-PRAPARE-Example3-63512-8.html"/><title value="Prapare-Example3-63512-8"/><generation value="generated"/></page><page><extension url="http://hl7.org/fhir/tools/StructureDefinition/ig-page-name"><valueUrl value="Observation-PRAPARE-Example3-63586-2.html"/></extension><nameUrl value="Observation-PRAPARE-Example3-63586-2.html"/><title value="Prapare-Example3-63586-2"/><generation value="generated"/></page><page><extension url="http://hl7.org/fhir/tools/StructureDefinition/ig-page-name"><valueUrl value="Observation-PRAPARE-Example3-67875-5.html"/></extension><nameUrl value="Observation-PRAPARE-Example3-67875-5.html"/><title value="Prapare-Example3-67875-5"/><generation value="generated"/></page><page><extension url="http://hl7.org/fhir/tools/StructureDefinition/ig-page-name"><valueUrl value="Observation-PRAPARE-Example3-71802-3.html"/></extension><nameUrl value="Observation-PRAPARE-Example3-71802-3.html"/><title value="Prapare-Example3-71802-3"/><generation value="generated"/></page><page><extension url="http://hl7.org/fhir/tools/StructureDefinition/ig-page-name"><valueUrl value="Observation-PRAPARE-Example3-76437-3.html"/></extension><nameUrl value="Observation-PRAPARE-Example3-76437-3.html"/><title value="Prapare-Example3-76437-3"/><generation value="generated"/></page><page><extension url="http://hl7.org/fhir/tools/StructureDefinition/ig-page-name"><valueUrl value="Observation-PRAPARE-Example3-82589-3.html"/></extension><nameUrl value="Observation-PRAPARE-Example3-82589-3.html"/><title value="Prapare-Example3-82589-3"/><generation value="generated"/></page><page><extension url="http://hl7.org/fhir/tools/StructureDefinition/ig-page-name"><valueUrl value="Observation-PRAPARE-Example3-93025-5.html"/></extension><nameUrl value="Observation-PRAPARE-Example3-93025-5.html"/><title value="Prapare-Example3-93025-5"/><generation value="generated"/></page><page><extension url="http://hl7.org/fhir/tools/StructureDefinition/ig-page-name"><valueUrl value="Observation-PRAPARE-Example3-93029-7.html"/></extension><nameUrl value="Observation-PRAPARE-Example3-93029-7.html"/><title value="Prapare-Example3-93029-7"/><generation value="generated"/></page><page><extension url="http://hl7.org/fhir/tools/StructureDefinition/ig-page-name"><valueUrl value="Observation-PRAPARE-Example3-93030-5.html"/></extension><nameUrl value="Observation-PRAPARE-Example3-93030-5.html"/><title value="Prapare-Example3-93030-5"/><generation value="generated"/></page><page><extension url="http://hl7.org/fhir/tools/StructureDefinition/ig-page-name"><valueUrl value="Observation-PRAPARE-Example3-93030-5answer-0.html"/></extension><nameUrl value="Observation-PRAPARE-Example3-93030-5answer-0.html"/><title value="Prapare-Example3-93030-5Answer-0"/><generation value="generated"/></page><page><extension url="http://hl7.org/fhir/tools/StructureDefinition/ig-page-name"><valueUrl value="Observation-PRAPARE-Example3-93033-9.html"/></extension><nameUrl value="Observation-PRAPARE-Example3-93033-9.html"/><title value="Prapare-Example3-93033-9"/><generation value="generated"/></page><page><extension url="http://hl7.org/fhir/tools/StructureDefinition/ig-page-name"><valueUrl value="Observation-PRAPARE-Example3-93034-7.html"/></extension><nameUrl value="Observation-PRAPARE-Example3-93034-7.html"/><title value="Prapare-Example3-93034-7"/><generation value="generated"/></page><page><extension url="http://hl7.org/fhir/tools/StructureDefinition/ig-page-name"><valueUrl value="Observation-PRAPARE-Example3-93035-4.html"/></extension><nameUrl value="Observation-PRAPARE-Example3-93035-4.html"/><title value="Prapare-Example3-93035-4"/><generation value="generated"/></page><page><extension url="http://hl7.org/fhir/tools/StructureDefinition/ig-page-name"><valueUrl value="Observation-PRAPARE-Example3-93038-8.html"/></extension><nameUrl value="Observation-PRAPARE-Example3-93038-8.html"/><title value="Prapare-Example3-93038-8"/><generation value="generated"/></page><page><extension url="http://hl7.org/fhir/tools/StructureDefinition/ig-page-name"><valueUrl value="Observation-PRAPARE-Example3-93040-4.html"/></extension><nameUrl value="Observation-PRAPARE-Example3-93040-4.html"/><title value="Prapare-Example3-93040-4"/><generation value="generated"/></page><page><extension url="http://hl7.org/fhir/tools/StructureDefinition/ig-page-name"><valueUrl value="Observation-PRAPARE-Example3-93041-2.html"/></extension><nameUrl value="Observation-PRAPARE-Example3-93041-2.html"/><title value="Prapare-Example3-93041-2"/><generation value="generated"/></page><page><extension url="http://hl7.org/fhir/tools/StructureDefinition/ig-page-name"><valueUrl value="Observation-PRAPARE-Example3-93042-0.html"/></extension><nameUrl value="Observation-PRAPARE-Example3-93042-0.html"/><title value="Prapare-Example3-93042-0"/><generation value="generated"/></page><page><extension url="http://hl7.org/fhir/tools/StructureDefinition/ig-page-name"><valueUrl value="Observation-PRAPARE-Example3-93043-8.html"/></extension><nameUrl value="Observation-PRAPARE-Example3-93043-8.html"/><title value="Prapare-Example3-93043-8"/><generation value="generated"/></page></page></page><parameter><code value="path-resource"/><value value="input/resources"/></parameter><parameter><code value="path-resource"/><value value="fsh-generated/resources"/></parameter><parameter><code value="path-resource"/><value value="input/intro-notes"/></parameter><parameter><code value="path-resource"/><value value="input/capabilities"/></parameter><parameter><code value="path-resource"/><value value="input/examples"/></parameter><parameter><code value="path-resource"/><value value="input/extensions"/></parameter><parameter><code value="path-resource"/><value value="input/models"/></parameter><parameter><code value="path-resource"/><value value="input/operations"/></parameter><parameter><code value="path-resource"/><value value="input/profiles"/></parameter><parameter><code value="path-resource"/><value value="input/vocabulary"/></parameter><parameter><code value="path-resource"/><value value="input/testing"/></parameter><parameter><code value="path-resource"/><value value="input/history"/></parameter><parameter><code value="path-pages"/><value value="template/config"/></parameter><parameter><code value="path-pages"/><value value="input/images"/></parameter><parameter><code value="path-tx-cache"/><value value="input-cache/txcache"/></parameter></definition></ImplementationGuide>