<?xml version="1.0" encoding="UTF-8"?><Questionnaire xmlns="http://hl7.org/fhir"><id value="CUST-PNL"/><meta><extension url="http://hl7.org/fhir/StructureDefinition/instance-name"><valueString value="Example 2 Custom Form"/></extension><extension url="http://hl7.org/fhir/StructureDefinition/instance-description"><valueMarkdown value="Example 2 Custom Form"/></extension><profile value="http://hl7.org/fhir/uv/sdc/StructureDefinition/sdc-questionnaire"/><tag><code value="lformsVersion: 33.0.0"/></tag></meta><text><status value="generated"/><div xmlns="http://www.w3.org/1999/xhtml"><b>Structure</b><table border="1" cellpadding="0" cellspacing="0" style="border: 1px #F0F0F0 solid; font-size: 11px; font-family: verdana; vertical-align: top;"><tr style="border: 2px #F0F0F0 solid; font-size: 11px; font-family: verdana; vertical-align: top"><th style="vertical-align: top; text-align : left; background-color: white; border: 1px #F0F0F0 solid; padding:0px 4px 0px 4px" class="hierarchy"><a href="http://hl7.org/fhir/R4/formats.html#table" title="The linkId for the item">LinkId</a></th><th style="vertical-align: top; text-align : left; background-color: white; border: 1px #F0F0F0 solid; padding:0px 4px 0px 4px" class="hierarchy"><a href="http://hl7.org/fhir/R4/formats.html#table" title="Text for the item">Text</a></th><th style="vertical-align: top; text-align : left; background-color: white; border: 1px #F0F0F0 solid; padding:0px 4px 0px 4px" class="hierarchy"><a href="http://hl7.org/fhir/R4/formats.html#table" title="Minimum and Maximum # of times the the itemcan appear in the instance">Cardinality</a></th><th style="vertical-align: top; text-align : left; background-color: white; border: 1px #F0F0F0 solid; padding:0px 4px 0px 4px" class="hierarchy"><a href="http://hl7.org/fhir/R4/formats.html#table" title="The type of the item">Type</a></th><th style="vertical-align: top; text-align : left; background-color: white; border: 1px #F0F0F0 solid; padding:0px 4px 0px 4px" class="hierarchy"><a href="http://hl7.org/fhir/R4/formats.html#table" title="Additional information about the item">Description &amp; Constraints</a><span style="float: right"><a href="http://hl7.org/fhir/R4/formats.html#table" title="Legend for this format"><img src="http://hl7.org/fhir/R4/help16.png" alt="doco" style="background-color: inherit"/></a></span></th></tr><tr style="border: 1px #F0F0F0 solid; padding:0px; vertical-align: top; background-color: white"><td style="vertical-align: top; text-align : left; background-color: white; border: 1px #F0F0F0 solid; padding:0px 4px 0px 4px; white-space: nowrap; background-image: url(tbl_bck1.png)" class="hierarchy"><img src="tbl_spacer.png" alt="." style="background-color: inherit" class="hierarchy"/><img src="icon_q_root.gif" alt="." style="background-color: white; background-color: inherit" title="QuestionnaireRoot" class="hierarchy"/> </td><td style="vertical-align: top; text-align : left; background-color: white; border: 1px #F0F0F0 solid; padding:0px 4px 0px 4px" class="hierarchy">This Custom Form is a modified PHQ-2 with an extra custom question for demonstration purposes. Instead of stadndard LOINC codes it uses a *local code* for the panel and custom question.</td><td style="vertical-align: top; text-align : left; background-color: white; border: 1px #F0F0F0 solid; padding:0px 4px 0px 4px" class="hierarchy"></td><td style="vertical-align: top; text-align : left; background-color: white; border: 1px #F0F0F0 solid; padding:0px 4px 0px 4px" class="hierarchy">Questionnaire</td><td style="vertical-align: top; text-align : left; background-color: white; border: 1px #F0F0F0 solid; padding:0px 4px 0px 4px" class="hierarchy">http://www.fhir.org/guides/saig/Questionnaire/CUST-PNL#0.0.0</td></tr>
<tr style="border: 1px #F0F0F0 solid; padding:0px; vertical-align: top; background-color: #F7F7F7"><td id="item./44250-9" style="vertical-align: top; text-align : left; background-color: #F7F7F7; border: 1px #F0F0F0 solid; padding:0px 4px 0px 4px; white-space: nowrap; background-image: url(tbl_bck10.png)" class="hierarchy"><img src="tbl_spacer.png" alt="." style="background-color: inherit" class="hierarchy"/><img src="tbl_vjoin.png" alt="." style="background-color: inherit" class="hierarchy"/><img src="icon-q-coding.png" alt="." style="background-color: #F7F7F7; background-color: inherit" title="Coding" class="hierarchy"/> /44250-9</td><td style="vertical-align: top; text-align : left; background-color: #F7F7F7; border: 1px #F0F0F0 solid; padding:0px 4px 0px 4px" class="hierarchy">Little interest or pleasure in doing things</td><td style="vertical-align: top; text-align : left; background-color: #F7F7F7; border: 1px #F0F0F0 solid; padding:0px 4px 0px 4px" class="hierarchy">0..1</td><td style="vertical-align: top; text-align : left; background-color: #F7F7F7; border: 1px #F0F0F0 solid; padding:0px 4px 0px 4px" class="hierarchy"><a href="http://hl7.org/fhir/R4/codesystem-item-type.html#item-type-choice">choice</a></td><td style="vertical-align: top; text-align : left; background-color: #F7F7F7; border: 1px #F0F0F0 solid; padding:0px 4px 0px 4px" class="hierarchy">Options: <a href="#opt-item./44250-9">4 options</a></td></tr>
<tr style="border: 1px #F0F0F0 solid; padding:0px; vertical-align: top; background-color: white"><td id="item./44255-8" style="vertical-align: top; text-align : left; background-color: white; border: 1px #F0F0F0 solid; padding:0px 4px 0px 4px; white-space: nowrap; background-image: url(tbl_bck10.png)" class="hierarchy"><img src="tbl_spacer.png" alt="." style="background-color: inherit" class="hierarchy"/><img src="tbl_vjoin.png" alt="." style="background-color: inherit" class="hierarchy"/><img src="icon-q-coding.png" alt="." style="background-color: white; background-color: inherit" title="Coding" class="hierarchy"/> /44255-8</td><td style="vertical-align: top; text-align : left; background-color: white; border: 1px #F0F0F0 solid; padding:0px 4px 0px 4px" class="hierarchy">Feeling down, depressed, or hopeless</td><td style="vertical-align: top; text-align : left; background-color: white; border: 1px #F0F0F0 solid; padding:0px 4px 0px 4px" class="hierarchy">0..1</td><td style="vertical-align: top; text-align : left; background-color: white; border: 1px #F0F0F0 solid; padding:0px 4px 0px 4px" class="hierarchy"><a href="http://hl7.org/fhir/R4/codesystem-item-type.html#item-type-choice">choice</a></td><td style="vertical-align: top; text-align : left; background-color: white; border: 1px #F0F0F0 solid; padding:0px 4px 0px 4px" class="hierarchy">Options: <a href="#opt-item./44255-8">4 options</a></td></tr>
<tr style="border: 1px #F0F0F0 solid; padding:0px; vertical-align: top; background-color: #F7F7F7"><td id="item./55758-7" style="vertical-align: top; text-align : left; background-color: #F7F7F7; border: 1px #F0F0F0 solid; padding:0px 4px 0px 4px; white-space: nowrap; background-image: url(tbl_bck11.png)" class="hierarchy"><img src="tbl_spacer.png" alt="." style="background-color: inherit" class="hierarchy"/><img src="tbl_vjoin.png" alt="." style="background-color: inherit" class="hierarchy"/><img src="icon-q-decimal.png" alt="." style="background-color: #F7F7F7; background-color: inherit" title="Decimal" class="hierarchy"/> /55758-7</td><td style="vertical-align: top; text-align : left; background-color: #F7F7F7; border: 1px #F0F0F0 solid; padding:0px 4px 0px 4px" class="hierarchy">Patient health questionnaire 2 item total score</td><td style="vertical-align: top; text-align : left; background-color: #F7F7F7; border: 1px #F0F0F0 solid; padding:0px 4px 0px 4px" class="hierarchy">0..1</td><td style="vertical-align: top; text-align : left; background-color: #F7F7F7; border: 1px #F0F0F0 solid; padding:0px 4px 0px 4px" class="hierarchy"><a href="http://hl7.org/fhir/R4/codesystem-item-type.html#item-type-decimal">decimal</a></td><td style="vertical-align: top; text-align : left; background-color: #F7F7F7; border: 1px #F0F0F0 solid; padding:0px 4px 0px 4px" class="hierarchy"/></tr>
<tr style="border: 1px #F0F0F0 solid; padding:0px; vertical-align: top; background-color: white"><td id="item./55758-7-help" style="vertical-align: top; text-align : left; background-color: white; border: 1px #F0F0F0 solid; padding:0px 4px 0px 4px; white-space: nowrap; background-image: url(tbl_bck100.png)" class="hierarchy"><img src="tbl_spacer.png" alt="." style="background-color: inherit" class="hierarchy"/><img src="tbl_vline.png" alt="." style="background-color: inherit" class="hierarchy"/><img src="tbl_vjoin_end.png" alt="." style="background-color: inherit" class="hierarchy"/><img src="icon-q-display.png" alt="." style="background-color: white; background-color: inherit" title="Display" class="hierarchy"/> /55758-7-help</td><td style="vertical-align: top; text-align : left; background-color: white; border: 1px #F0F0F0 solid; padding:0px 4px 0px 4px" class="hierarchy">The PHQ-2 is the ultra-brief depression measure (using first 2 items of PHQ-9) and ranges from 0-6. Most who use the short PHQ-2 use it for screening and not for monitoring depression</td><td style="vertical-align: top; text-align : left; background-color: white; border: 1px #F0F0F0 solid; padding:0px 4px 0px 4px" class="hierarchy">0..1</td><td style="vertical-align: top; text-align : left; background-color: white; border: 1px #F0F0F0 solid; padding:0px 4px 0px 4px" class="hierarchy"><a href="http://hl7.org/fhir/R4/codesystem-item-type.html#item-type-display">display</a></td><td style="vertical-align: top; text-align : left; background-color: white; border: 1px #F0F0F0 solid; padding:0px 4px 0px 4px" class="hierarchy"/></tr>
<tr style="border: 1px #F0F0F0 solid; padding:0px; vertical-align: top; background-color: #F7F7F7"><td id="item.4095077328190" style="vertical-align: top; text-align : left; background-color: #F7F7F7; border: 1px #F0F0F0 solid; padding:0px 4px 0px 4px; white-space: nowrap; background-image: url(tbl_bck00.png)" class="hierarchy"><img src="tbl_spacer.png" alt="." style="background-color: inherit" class="hierarchy"/><img src="tbl_vjoin_end.png" alt="." style="background-color: inherit" class="hierarchy"/><img src="icon-q-coding.png" alt="." style="background-color: #F7F7F7; background-color: inherit" title="Coding" class="hierarchy"/> 4095077328190</td><td style="vertical-align: top; text-align : left; background-color: #F7F7F7; border: 1px #F0F0F0 solid; padding:0px 4px 0px 4px" class="hierarchy">My Custom Question</td><td style="vertical-align: top; text-align : left; background-color: #F7F7F7; border: 1px #F0F0F0 solid; padding:0px 4px 0px 4px" class="hierarchy">0..1</td><td style="vertical-align: top; text-align : left; background-color: #F7F7F7; border: 1px #F0F0F0 solid; padding:0px 4px 0px 4px" class="hierarchy"><a href="http://hl7.org/fhir/R4/codesystem-item-type.html#item-type-choice">choice</a></td><td style="vertical-align: top; text-align : left; background-color: #F7F7F7; border: 1px #F0F0F0 solid; padding:0px 4px 0px 4px" class="hierarchy">Options: <a href="#opt-item.4095077328190">2 options</a></td></tr>
<tr><td colspan="5" class="hierarchy"><br/><a href="http://hl7.org/fhir/R4/formats.html#table" title="Legend for this format"><img src="http://hl7.org/fhir/R4/help16.png" alt="doco" style="background-color: inherit"/> Documentation for this format</a></td></tr></table><hr/><p><b>Option Sets</b></p><a name="opt-item./44250-9"> </a><p><b>Answer options for /44250-9</b></p><ul><li style="font-size: 11px">http://loinc.org#LA6568-5 (&quot;Not at all&quot;)</li><li style="font-size: 11px">http://loinc.org#LA6569-3 (&quot;Several days&quot;)</li><li style="font-size: 11px">http://loinc.org#LA6570-1 (&quot;More than half the days&quot;)</li><li style="font-size: 11px">http://loinc.org#LA6571-9 (&quot;Nearly every day&quot;)</li></ul><a name="opt-item./44255-8"> </a><p><b>Answer options for /44255-8</b></p><ul><li style="font-size: 11px">http://loinc.org#LA6568-5 (&quot;Not at all&quot;)</li><li style="font-size: 11px">http://loinc.org#LA6569-3 (&quot;Several days&quot;)</li><li style="font-size: 11px">http://loinc.org#LA6570-1 (&quot;More than half the days&quot;)</li><li style="font-size: 11px">http://loinc.org#LA6571-9 (&quot;Nearly every day&quot;)</li></ul><a name="opt-item.4095077328190"> </a><p><b>Answer options for 4095077328190</b></p><ul><li style="font-size: 11px">http://example.org#r (&quot;Red&quot;)</li><li style="font-size: 11px">http://example.org#b (&quot;Blue&quot;)</li></ul></div></text><url value="http://www.fhir.org/guides/saig/Questionnaire/CUST-PNL"/><version value="0.0.0"/><title value="My Customized PHQ-2 Panel"/><status value="draft"/><date value="2023-02-28T11:19:36-08:00"/><publisher value="Health eData Inc"/><contact><telecom><system value="email"/><value value="mailto:ehaas@healthedatainc.com"/></telecom></contact><description value="This Custom Form is a modified PHQ-2 with an extra custom question for demonstration purposes. Instead of stadndard LOINC codes it uses a *local code* for the panel and custom question."/><code><system value="http://example.org"/><code value="CUST-PNL"/><display value="Patient health questionnaire 2 item"/></code><item><extension url="http://hl7.org/fhir/StructureDefinition/questionnaire-itemControl"><valueCodeableConcept><coding><system value="http://hl7.org/fhir/questionnaire-item-control"/><code value="drop-down"/><display value="Drop down"/></coding><text value="Drop down"/></valueCodeableConcept></extension><linkId value="/44250-9"/><code><system value="http://loinc.org"/><code value="44250-9"/><display value="Little interest or pleasure in doing things"/></code><text value="Little interest or pleasure in doing things"/><type value="choice"/><required value="false"/><answerOption><extension url="http://hl7.org/fhir/StructureDefinition/questionnaire-optionPrefix"><valueString value="0"/></extension><valueCoding><system value="http://loinc.org"/><code value="LA6568-5"/><display value="Not at all"/></valueCoding></answerOption><answerOption><extension url="http://hl7.org/fhir/StructureDefinition/questionnaire-optionPrefix"><valueString value="1"/></extension><valueCoding><system value="http://loinc.org"/><code value="LA6569-3"/><display value="Several days"/></valueCoding></answerOption><answerOption><extension url="http://hl7.org/fhir/StructureDefinition/questionnaire-optionPrefix"><valueString value="2"/></extension><valueCoding><system value="http://loinc.org"/><code value="LA6570-1"/><display value="More than half the days"/></valueCoding></answerOption><answerOption><extension url="http://hl7.org/fhir/StructureDefinition/questionnaire-optionPrefix"><valueString value="3"/></extension><valueCoding><system value="http://loinc.org"/><code value="LA6571-9"/><display value="Nearly every day"/></valueCoding></answerOption></item><item><extension url="http://hl7.org/fhir/StructureDefinition/questionnaire-itemControl"><valueCodeableConcept><coding><system value="http://hl7.org/fhir/questionnaire-item-control"/><code value="drop-down"/><display value="Drop down"/></coding><text value="Drop down"/></valueCodeableConcept></extension><linkId value="/44255-8"/><code><system value="http://loinc.org"/><code value="44255-8"/><display value="Feeling down, depressed, or hopeless"/></code><text value="Feeling down, depressed, or hopeless"/><type value="choice"/><required value="false"/><answerOption><extension url="http://hl7.org/fhir/StructureDefinition/questionnaire-optionPrefix"><valueString value="0"/></extension><extension url="http://hl7.org/fhir/StructureDefinition/ordinalValue"><valueDecimal value="0"/></extension><valueCoding><system value="http://loinc.org"/><code value="LA6568-5"/><display value="Not at all"/></valueCoding></answerOption><answerOption><extension url="http://hl7.org/fhir/StructureDefinition/questionnaire-optionPrefix"><valueString value="1"/></extension><extension url="http://hl7.org/fhir/StructureDefinition/ordinalValue"><valueDecimal value="1"/></extension><valueCoding><system value="http://loinc.org"/><code value="LA6569-3"/><display value="Several days"/></valueCoding></answerOption><answerOption><extension url="http://hl7.org/fhir/StructureDefinition/questionnaire-optionPrefix"><valueString value="2"/></extension><extension url="http://hl7.org/fhir/StructureDefinition/ordinalValue"><valueDecimal value="2"/></extension><valueCoding><system value="http://loinc.org"/><code value="LA6570-1"/><display value="More than half the days"/></valueCoding></answerOption><answerOption><extension url="http://hl7.org/fhir/StructureDefinition/questionnaire-optionPrefix"><valueString value="3"/></extension><extension url="http://hl7.org/fhir/StructureDefinition/ordinalValue"><valueDecimal value="3"/></extension><valueCoding><system value="http://loinc.org"/><code value="LA6571-9"/><display value="Nearly every day"/></valueCoding></answerOption></item><item><extension url="http://hl7.org/fhir/StructureDefinition/questionnaire-unit"><valueCoding><system value="http://unitsofmeasure.org"/><code value="{score}"/><display value="{score}"/></valueCoding></extension><linkId value="/55758-7"/><code><system value="http://loinc.org"/><code value="55758-7"/><display value="Patient health questionnaire 2 item total score"/></code><text value="Patient health questionnaire 2 item total score"/><type value="decimal"/><required value="false"/><item><extension url="http://hl7.org/fhir/StructureDefinition/questionnaire-itemControl"><valueCodeableConcept><coding><system value="http://hl7.org/fhir/questionnaire-item-control"/><code value="help"/><display value="Help-Button"/></coding><text value="Help-Button"/></valueCodeableConcept></extension><linkId value="/55758-7-help"/><text value="The PHQ-2 is the ultra-brief depression measure (using first 2 items of PHQ-9) and ranges from 0-6. Most who use the short PHQ-2 use it for screening and not for monitoring depression"/><type value="display"/></item></item><item><linkId value="4095077328190"/><code><system value="http://example.org"/><code value="CUST-ITM"/></code><text value="My Custom Question"/><type value="choice"/><answerOption><valueCoding><system value="http://example.org"/><code value="r"/><display value="Red"/></valueCoding></answerOption><answerOption><valueCoding><system value="http://example.org"/><code value="b"/><display value="Blue"/></valueCoding></answerOption></item></Questionnaire>