<?xml version="1.0" encoding="UTF-8"?>

<Observation xmlns="http://hl7.org/fhir">
  <id value="CSV-PHQ-2Example1-55757-9"/>
  <meta>
    <extension url="http://hl7.org/fhir/StructureDefinition/instance-name">
      <valueString value="Csv-Phq-2Example1-55757-9"/>
    </extension>
    <extension url="http://hl7.org/fhir/StructureDefinition/instance-description">
      <valueMarkdown value="This is a an example of 55757-9 Patient Health Questionnaire 2 item (PHQ-2) [Reported] for the *US Core Observation Screening Assessment Profile*"/>
    </extension>
    <profile value="http://hl7.org/fhir/us/core/StructureDefinition/us-core-observation-screening-assessment"/>
  </meta>
  <text>
    <status value="generated"/><div xmlns="http://www.w3.org/1999/xhtml"><p><b>Generated Narrative: Observation</b><a name="CSV-PHQ-2Example1-55757-9"> </a></p><div style="display: inline-block; background-color: #d9e0e7; padding: 6px; margin: 4px; border: 1px solid #8da1b4; border-radius: 5px; line-height: 60%"><p style="margin-bottom: 0px">Resource Observation &quot;CSV-PHQ-2Example1-55757-9&quot; </p><p style="margin-bottom: 0px">Profile: <code>http://hl7.org/fhir/us/core/StructureDefinition/us-core-observation-screening-assessment</code></p></div><p><b>status</b>: final</p><p><b>category</b>: Disability Status <span style="background: LightGoldenRodYellow; margin: 4px; border: 1px solid khaki"> (us-core-category#disability-status)</span></p><p><b>code</b>: Patient Health Questionnaire 2 item (PHQ-2) [Reported] <span style="background: LightGoldenRodYellow; margin: 4px; border: 1px solid khaki"> (<a href="https://loinc.org/">LOINC</a>#55757-9)</span></p><p><b>subject</b>: <a href="Patient-example.html">Patient/example</a></p><p><b>effective</b>: 2021-02-02</p><p><b>performer</b>: <a href="??phinvads??">Performer/example2</a></p><p><b>hasMember</b>: </p><ul><li><a href="Observation-CSV-PHQ-2Example1-44250-9.html">Observation/CSV-PHQ-2Example1-44250-9: Little interest or pleasure in doing things in last 2 weeks</a></li><li><a href="Observation-CSV-PHQ-2Example1-44255-8.html">Observation/CSV-PHQ-2Example1-44255-8: Feeling down, depressed, or hopeless in last 2 weeks</a></li><li><a href="Observation-CSV-PHQ-2Example1-55758-7.html">Observation/CSV-PHQ-2Example1-55758-7: Patient Health Questionnaire 2 item (PHQ-2) total score [Reported]</a></li></ul><p><b>derivedFrom</b>: <a href="DocumentReference-example1phq-2questionnaire.html">DocumentReference/example1phq-2questionnaire</a></p></div>
  </text>
  <status value="final"/>
  <category>
    <coding>
      <system value="http://hl7.org/fhir/us/core/CodeSystem/us-core-category"/>
      <code value="disability-status"/>
    </coding>
  </category>
  <code>
    <coding>
      <system value="http://loinc.org"/>
      <code value="55757-9"/>
      <display value="Patient Health Questionnaire 2 item (PHQ-2) [Reported]"/>
    </coding>
  </code>
  <subject>
    <reference value="Patient/example"/>
  </subject>
  <effectiveDateTime value="2021-02-02"/>
  <performer>
    <reference value="Performer/example2"/>
  </performer>
  <hasMember>
    <reference value="Observation/CSV-PHQ-2Example1-44250-9"/>
    <display value="Little interest or pleasure in doing things in last 2 weeks"/>
  </hasMember>
  <hasMember>
    <reference value="Observation/CSV-PHQ-2Example1-44255-8"/>
    <display value="Feeling down, depressed, or hopeless in last 2 weeks"/>
  </hasMember>
  <hasMember>
    <reference value="Observation/CSV-PHQ-2Example1-55758-7"/>
    <display value="Patient Health Questionnaire 2 item (PHQ-2) total score [Reported]"/>
  </hasMember>
  <derivedFrom>
    <reference value="DocumentReference/example1phq-2questionnaire"/>
  </derivedFrom>
</Observation>