<?xml version="1.0" encoding="UTF-8"?>

<Observation xmlns="http://hl7.org/fhir">
  <id value="PRAPARE-Example3-71802-3"/>
  <meta>
    <extension url="http://hl7.org/fhir/StructureDefinition/instance-name">
      <valueString value="Prapare-Example3-71802-3"/>
    </extension>
    <extension url="http://hl7.org/fhir/StructureDefinition/instance-description">
      <valueMarkdown value="This is a an example of 71802-3 Housing status for the *US Core Observation Screening Assessment Profile*"/>
    </extension>
    <profile value="http://hl7.org/fhir/us/core/StructureDefinition/us-core-observation-screening-assessment"/>
  </meta>
  <text>
    <status value="extensions"/><div xmlns="http://www.w3.org/1999/xhtml"><p><b>Generated Narrative: Observation</b><a name="PRAPARE-Example3-71802-3"> </a></p><div style="display: inline-block; background-color: #d9e0e7; padding: 6px; margin: 4px; border: 1px solid #8da1b4; border-radius: 5px; line-height: 60%"><p style="margin-bottom: 0px">Resource Observation &quot;PRAPARE-Example3-71802-3&quot; </p><p style="margin-bottom: 0px">Profile: <code>http://hl7.org/fhir/us/core/StructureDefinition/us-core-observation-screening-assessment</code></p></div><p><b>Observation Questionnaire Extension</b>: <a href="Questionnaire-93025-5.html">Protocol for Responding to and Assessing Patients' Assets, Risks, and Experiences [PRAPARE]</a></p><p><b>status</b>: final</p><p><b>category</b>: SDOH <span style="background: LightGoldenRodYellow; margin: 4px; border: 1px solid khaki"> (us-core-category#sdoh)</span></p><p><b>code</b>: Housing status <span style="background: LightGoldenRodYellow; margin: 4px; border: 1px solid khaki"> (<a href="https://loinc.org/">LOINC</a>#71802-3)</span></p><p><b>subject</b>: <a href="Patient-example.html">Patient/example</a></p><p><b>effective</b>: 2021-02-02</p><p><b>performer</b>: <a href="??phinvads??">Performer/example2</a></p><p><b>value</b>: I have housing <span style="background: LightGoldenRodYellow; margin: 4px; border: 1px solid khaki"> (<a href="https://loinc.org/">LOINC</a>#LA30189-7)</span></p></div>
  </text>
  <extension url="http://www.fhir.org/guides/saig/StructureDefinition/observation-questionnaire">
    <valueCanonical value="http://www.fhir.org/guides/saig/Questionnaire/93025-5"/>
  </extension>
  <status value="final"/>
  <category>
    <coding>
      <system value="http://hl7.org/fhir/us/core/CodeSystem/us-core-category"/>
      <code value="sdoh"/>
    </coding>
  </category>
  <code>
    <coding>
      <system value="http://loinc.org"/>
      <code value="71802-3"/>
      <display value="Housing status"/>
    </coding>
  </code>
  <subject>
    <reference value="Patient/example"/>
  </subject>
  <effectiveDateTime value="2021-02-02"/>
  <performer>
    <reference value="Performer/example2"/>
  </performer>
  <valueCodeableConcept>
    <coding>
      <system value="http://loinc.org"/>
      <code value="LA30189-7"/>
      <display value="I have housing"/>
    </coding>
  </valueCodeableConcept>
</Observation>