{
  "resourceType" : "Observation",
  "id" : "CSV-AHN-HRSNExample2-96778-6",
  "meta" : {
    "extension" : [{
      "url" : "http://hl7.org/fhir/StructureDefinition/instance-name",
      "valueString" : "Csv-Ahn-Hrsnexample2-96778-6"
    },
    {
      "url" : "http://hl7.org/fhir/StructureDefinition/instance-description",
      "valueMarkdown" : "This is a an example of 96778-6 Problems with place where you live for the *US Core Observation Screening Assessment Profile*"
    }],
    "profile" : ["http://hl7.org/fhir/us/core/StructureDefinition/us-core-observation-screening-assessment"]
  },
  "text" : {
    "status" : "extensions",
    "div" : "<div xmlns=\"http://www.w3.org/1999/xhtml\"><p><b>Generated Narrative: Observation</b><a name=\"CSV-AHN-HRSNExample2-96778-6\"> </a></p><div style=\"display: inline-block; background-color: #d9e0e7; padding: 6px; margin: 4px; border: 1px solid #8da1b4; border-radius: 5px; line-height: 60%\"><p style=\"margin-bottom: 0px\">Resource Observation &quot;CSV-AHN-HRSNExample2-96778-6&quot; </p><p style=\"margin-bottom: 0px\">Profile: <code>http://hl7.org/fhir/us/core/StructureDefinition/us-core-observation-screening-assessment</code></p></div><p><b>Observation Questionnaire Extension</b>: <a href=\"Questionnaire-96777-8.html\">AHC HRSN Screening</a></p><p><b>status</b>: final</p><p><b>category</b>: SDOH <span style=\"background: LightGoldenRodYellow; margin: 4px; border: 1px solid khaki\"> (us-core-category#sdoh)</span></p><p><b>code</b>: Problems with place where you live <span style=\"background: LightGoldenRodYellow; margin: 4px; border: 1px solid khaki\"> (<a href=\"https://loinc.org/\">LOINC</a>#96778-6)</span></p><p><b>subject</b>: <a href=\"??phinvads??\">Patient/123</a></p><p><b>effective</b>: 2021-01-01</p><p><b>performer</b>: <a href=\"??phinvads??\">Performer/rsmith</a></p><p><b>hasMember</b>: </p><ul><li><a href=\"Observation-CSV-AHN-HRSNExample2-96778-6answer-0.html\">Observation/CSV-AHN-HRSNExample2-96778-6answer-0</a></li><li><a href=\"Observation-CSV-AHN-HRSNExample2-96778-6answer-5.html\">Observation/CSV-AHN-HRSNExample2-96778-6answer-5</a></li><li><a href=\"Observation-CSV-AHN-HRSNExample2-96778-6answer-6.html\">Observation/CSV-AHN-HRSNExample2-96778-6answer-6</a></li></ul></div>"
  },
  "extension" : [{
    "url" : "http://www.fhir.org/guides/saig/StructureDefinition/observation-questionnaire",
    "valueCanonical" : "http://lforms-fhir.nlm.nih.gov/baseR4"
  }],
  "status" : "final",
  "category" : [{
    "coding" : [{
      "system" : "http://hl7.org/fhir/us/core/CodeSystem/us-core-category",
      "code" : "sdoh"
    }]
  }],
  "code" : {
    "coding" : [{
      "system" : "http://loinc.org",
      "code" : "96778-6",
      "display" : "Problems with place where you live"
    }]
  },
  "subject" : {
    "reference" : "Patient/123"
  },
  "effectiveDateTime" : "2021-01-01",
  "performer" : [{
    "reference" : "Performer/rsmith"
  }],
  "hasMember" : [{
    "reference" : "Observation/CSV-AHN-HRSNExample2-96778-6answer-0"
  },
  {
    "reference" : "Observation/CSV-AHN-HRSNExample2-96778-6answer-5"
  },
  {
    "reference" : "Observation/CSV-AHN-HRSNExample2-96778-6answer-6"
  }]
}