<?xml version="1.0" encoding="UTF-8"?>

<Observation xmlns="http://hl7.org/fhir">
  <id value="CSV-AHN-HRSNExample2-96777-8"/>
  <meta>
    <extension url="http://hl7.org/fhir/StructureDefinition/instance-name">
      <valueString value="Csv-Ahn-Hrsnexample2-96777-8"/>
    </extension>
    <extension url="http://hl7.org/fhir/StructureDefinition/instance-description">
      <valueMarkdown value="This is a an example of 96777-8 Accountable health communities (AHC) health-related social needs screening (HRSN) tool for the *US Core Observation Screening Assessment Profile*"/>
    </extension>
    <profile value="http://hl7.org/fhir/us/core/StructureDefinition/us-core-observation-screening-assessment"/>
  </meta>
  <text>
    <status value="generated"/><div xmlns="http://www.w3.org/1999/xhtml"><p><b>Generated Narrative: Observation</b><a name="CSV-AHN-HRSNExample2-96777-8"> </a></p><div style="display: inline-block; background-color: #d9e0e7; padding: 6px; margin: 4px; border: 1px solid #8da1b4; border-radius: 5px; line-height: 60%"><p style="margin-bottom: 0px">Resource Observation &quot;CSV-AHN-HRSNExample2-96777-8&quot; </p><p style="margin-bottom: 0px">Profile: <code>http://hl7.org/fhir/us/core/StructureDefinition/us-core-observation-screening-assessment</code></p></div><p><b>status</b>: final</p><p><b>category</b>: SDOH <span style="background: LightGoldenRodYellow; margin: 4px; border: 1px solid khaki"> (us-core-category#sdoh)</span></p><p><b>code</b>: Accountable health communities (AHC) health-related social needs screening (HRSN) tool <span style="background: LightGoldenRodYellow; margin: 4px; border: 1px solid khaki"> (<a href="https://loinc.org/">LOINC</a>#96777-8)</span></p><p><b>subject</b>: <a href="??phinvads??">Patient/123</a></p><p><b>effective</b>: 2021-01-01</p><p><b>performer</b>: <a href="??phinvads??">Performer/rsmith</a></p><p><b>hasMember</b>: </p><ul><li><a href="Observation-CSV-AHN-HRSNExample2-71802-3.html">Observation/CSV-AHN-HRSNExample2-71802-3: Housing status</a></li><li><a href="Observation-CSV-AHN-HRSNExample2-88122-7.html">Observation/CSV-AHN-HRSNExample2-88122-7: Within the past 12 months we worried whether our food would run out before we got money to buy more [U.S. FSS]</a></li><li><a href="Observation-CSV-AHN-HRSNExample2-88123-5.html">Observation/CSV-AHN-HRSNExample2-88123-5: Within the past 12 months the food we bought just didn't last and we didn't have money to get more [U.S. FSS]</a></li><li><a href="Observation-CSV-AHN-HRSNExample2-93030-5.html">Observation/CSV-AHN-HRSNExample2-93030-5: Has lack of transportation kept you from medical appointments, meetings, work, or from getting things needed for daily living</a></li><li><a href="Observation-CSV-AHN-HRSNExample2-96779-4.html">Observation/CSV-AHN-HRSNExample2-96779-4: Has the electric, gas, oil, or water company threatened to shut off services in your home in past 12 months</a></li><li><a href="Observation-CSV-AHN-HRSNExample2-95618-5.html">Observation/CSV-AHN-HRSNExample2-95618-5: Physically hurt you [HITS]</a></li><li><a href="Observation-CSV-AHN-HRSNExample2-95617-7.html">Observation/CSV-AHN-HRSNExample2-95617-7: Insult you or talk down to you [HITS]</a></li><li><a href="Observation-CSV-AHN-HRSNExample2-95616-9.html">Observation/CSV-AHN-HRSNExample2-95616-9: Threaten you with physical harm [HITS]</a></li><li><a href="Observation-CSV-AHN-HRSNExample2-95615-1.html">Observation/CSV-AHN-HRSNExample2-95615-1: Scream or curse at you [HITS]</a></li><li><a href="Observation-CSV-AHN-HRSNExample2-95614-4.html">Observation/CSV-AHN-HRSNExample2-95614-4: Total score [HITS]</a></li><li><a href="Observation-CSV-AHN-HRSNExample2-96778-6.html">Observation/CSV-AHN-HRSNExample2-96778-6: Problems with place where you live</a></li></ul><p><b>derivedFrom</b>: <a href="DocumentReference-example2ahn-hrsnquestionnaire.html">DocumentReference/example2ahn-hrsnquestionnaire</a></p></div>
  </text>
  <status value="final"/>
  <category>
    <coding>
      <system value="http://hl7.org/fhir/us/core/CodeSystem/us-core-category"/>
      <code value="sdoh"/>
    </coding>
  </category>
  <code>
    <coding>
      <system value="http://loinc.org"/>
      <code value="96777-8"/>
      <display value="Accountable health communities (AHC) health-related social needs screening (HRSN) tool"/>
    </coding>
  </code>
  <subject>
    <reference value="Patient/123"/>
  </subject>
  <effectiveDateTime value="2021-01-01"/>
  <performer>
    <reference value="Performer/rsmith"/>
  </performer>
  <hasMember>
    <reference value="Observation/CSV-AHN-HRSNExample2-71802-3"/>
    <display value="Housing status"/>
  </hasMember>
  <hasMember>
    <reference value="Observation/CSV-AHN-HRSNExample2-88122-7"/>
    <display value="Within the past 12 months we worried whether our food would run out before we got money to buy more [U.S. FSS]"/>
  </hasMember>
  <hasMember>
    <reference value="Observation/CSV-AHN-HRSNExample2-88123-5"/>
    <display value="Within the past 12 months the food we bought just didn't last and we didn't have money to get more [U.S. FSS]"/>
  </hasMember>
  <hasMember>
    <reference value="Observation/CSV-AHN-HRSNExample2-93030-5"/>
    <display value="Has lack of transportation kept you from medical appointments, meetings, work, or from getting things needed for daily living"/>
  </hasMember>
  <hasMember>
    <reference value="Observation/CSV-AHN-HRSNExample2-96779-4"/>
    <display value="Has the electric, gas, oil, or water company threatened to shut off services in your home in past 12 months"/>
  </hasMember>
  <hasMember>
    <reference value="Observation/CSV-AHN-HRSNExample2-95618-5"/>
    <display value="Physically hurt you [HITS]"/>
  </hasMember>
  <hasMember>
    <reference value="Observation/CSV-AHN-HRSNExample2-95617-7"/>
    <display value="Insult you or talk down to you [HITS]"/>
  </hasMember>
  <hasMember>
    <reference value="Observation/CSV-AHN-HRSNExample2-95616-9"/>
    <display value="Threaten you with physical harm [HITS]"/>
  </hasMember>
  <hasMember>
    <reference value="Observation/CSV-AHN-HRSNExample2-95615-1"/>
    <display value="Scream or curse at you [HITS]"/>
  </hasMember>
  <hasMember>
    <reference value="Observation/CSV-AHN-HRSNExample2-95614-4"/>
    <display value="Total score [HITS]"/>
  </hasMember>
  <hasMember>
    <reference value="Observation/CSV-AHN-HRSNExample2-96778-6"/>
    <display value="Problems with place where you live"/>
  </hasMember>
  <derivedFrom>
    <reference value="DocumentReference/example2ahn-hrsnquestionnaire"/>
  </derivedFrom>
</Observation>