<?xml version="1.0" encoding="UTF-8"?>

<Observation xmlns="http://hl7.org/fhir">
  <id value="44255-8-csv-to-obs-example1"/>
  <meta>
    <extension url="http://hl7.org/fhir/StructureDefinition/instance-name">
      <valueString value="44255-8-Csv-To-Obs-Example1"/>
    </extension>
    <extension url="http://hl7.org/fhir/StructureDefinition/instance-description">
      <valueMarkdown value="This is a an example of 44255-8 Feeling down, depressed, or hopeless in last 2 weeks for the *US Core Observation Screening Assessment Profile*"/>
    </extension>
    <profile value="http://hl7.org/fhir/us/core/StructureDefinition/us-core-observation-screening-assessment"/>
  </meta>
  <text>
    <status value="generated"/><div xmlns="http://www.w3.org/1999/xhtml"><p><b>Generated Narrative: Observation</b><a name="44255-8-csv-to-obs-example1"> </a></p><div style="display: inline-block; background-color: #d9e0e7; padding: 6px; margin: 4px; border: 1px solid #8da1b4; border-radius: 5px; line-height: 60%"><p style="margin-bottom: 0px">Resource Observation &quot;44255-8-csv-to-obs-example1&quot; </p><p style="margin-bottom: 0px">Profile: <code>http://hl7.org/fhir/us/core/StructureDefinition/us-core-observation-screening-assessment</code></p></div><p><b>status</b>: final</p><p><b>category</b>: Disability Status <span style="background: LightGoldenRodYellow; margin: 4px; border: 1px solid khaki"> (us-core-category#disability-status)</span></p><p><b>code</b>: Feeling down, depressed, or hopeless in last 2 weeks <span style="background: LightGoldenRodYellow; margin: 4px; border: 1px solid khaki"> (<a href="https://loinc.org/">LOINC</a>#44255-8)</span></p><p><b>subject</b>: <a href="??phinvads??">Patient/123</a></p><p><b>effective</b>: 2021-01-01</p><p><b>performer</b>: <a href="??phinvads??">Performer/rsmith</a></p><p><b>value</b>: Feeling down, depressed, or hopeless in last 2 weeks <span style="background: LightGoldenRodYellow; margin: 4px; border: 1px solid khaki"> (<a href="https://loinc.org/">LOINC</a>#44255-8)</span></p><p><b>derivedFrom</b>: <a href="DocumentReference-example1phq-2questionnaire.html">DocumentReference/example1phq-2questionnaire</a></p></div>
  </text>
  <status value="final"/>
  <category>
    <coding>
      <system value="http://hl7.org/fhir/us/core/CodeSystem/us-core-category"/>
      <code value="disability-status"/>
    </coding>
  </category>
  <code>
    <coding>
      <system value="http://loinc.org"/>
      <code value="44255-8"/>
      <display value="Feeling down, depressed, or hopeless in last 2 weeks"/>
    </coding>
  </code>
  <subject>
    <reference value="Patient/123"/>
  </subject>
  <effectiveDateTime value="2021-01-01"/>
  <performer>
    <reference value="Performer/rsmith"/>
  </performer>
  <valueCodeableConcept>
    <coding>
      <system value="http://loinc.org"/>
      <code value="44255-8"/>
      <display value="Feeling down, depressed, or hopeless in last 2 weeks"/>
    </coding>
  </valueCodeableConcept>
  <derivedFrom>
    <reference value="DocumentReference/example1phq-2questionnaire"/>
  </derivedFrom>
</Observation>