{
  "resourceType" : "Questionnaire",
  "id" : "55757-9",
  "meta" : {
    "extension" : [{
      "url" : "http://hl7.org/fhir/StructureDefinition/instance-name",
      "valueString" : "Example 1 PHQ-2 Questionnaire"
    },
    {
      "url" : "http://hl7.org/fhir/StructureDefinition/instance-description",
      "valueMarkdown" : "Example 1 PHQ-2 Questionnaire"
    }],
    "versionId" : "1",
    "lastUpdated" : "2021-03-02T15:07:21.000-05:00",
    "source" : "#FHq46AjYEPu6Vjxt",
    "profile" : ["http://hl7.org/fhir/uv/sdc/StructureDefinition/sdc-questionnaire"],
    "tag" : [{
      "code" : "lformsVersion: 33.0.0"
    }]
  },
  "text" : {
    "status" : "generated",
    "div" : "<div xmlns=\"http://www.w3.org/1999/xhtml\"><b>Structure</b><table border=\"1\" cellpadding=\"0\" cellspacing=\"0\" style=\"border: 1px #F0F0F0 solid; font-size: 11px; font-family: verdana; vertical-align: top;\"><tr style=\"border: 2px #F0F0F0 solid; font-size: 11px; font-family: verdana; vertical-align: top\"><th style=\"vertical-align: top; text-align : left; background-color: white; border: 1px #F0F0F0 solid; padding:0px 4px 0px 4px\" class=\"hierarchy\"><a href=\"http://hl7.org/fhir/R4/formats.html#table\" title=\"The linkId for the item\">LinkId</a></th><th style=\"vertical-align: top; text-align : left; background-color: white; border: 1px #F0F0F0 solid; padding:0px 4px 0px 4px\" class=\"hierarchy\"><a href=\"http://hl7.org/fhir/R4/formats.html#table\" title=\"Text for the item\">Text</a></th><th style=\"vertical-align: top; text-align : left; background-color: white; border: 1px #F0F0F0 solid; padding:0px 4px 0px 4px\" class=\"hierarchy\"><a href=\"http://hl7.org/fhir/R4/formats.html#table\" title=\"Minimum and Maximum # of times the the itemcan appear in the instance\">Cardinality</a></th><th style=\"vertical-align: top; text-align : left; background-color: white; border: 1px #F0F0F0 solid; padding:0px 4px 0px 4px\" class=\"hierarchy\"><a href=\"http://hl7.org/fhir/R4/formats.html#table\" title=\"The type of the item\">Type</a></th><th style=\"vertical-align: top; text-align : left; background-color: white; border: 1px #F0F0F0 solid; padding:0px 4px 0px 4px\" class=\"hierarchy\"><a href=\"http://hl7.org/fhir/R4/formats.html#table\" title=\"Additional information about the item\">Description &amp; Constraints</a><span style=\"float: right\"><a href=\"http://hl7.org/fhir/R4/formats.html#table\" title=\"Legend for this format\"><img src=\"http://hl7.org/fhir/R4/help16.png\" alt=\"doco\" style=\"background-color: inherit\"/></a></span></th></tr><tr style=\"border: 1px #F0F0F0 solid; padding:0px; vertical-align: top; background-color: white\"><td style=\"vertical-align: top; text-align : left; background-color: white; border: 1px #F0F0F0 solid; padding:0px 4px 0px 4px; white-space: nowrap; background-image: url(tbl_bck1.png)\" class=\"hierarchy\"><img src=\"tbl_spacer.png\" alt=\".\" style=\"background-color: inherit\" class=\"hierarchy\"/><img src=\"icon_q_root.gif\" alt=\".\" style=\"background-color: white; background-color: inherit\" title=\"QuestionnaireRoot\" class=\"hierarchy\"/> </td><td style=\"vertical-align: top; text-align : left; background-color: white; border: 1px #F0F0F0 solid; padding:0px 4px 0px 4px\" class=\"hierarchy\"/><td style=\"vertical-align: top; text-align : left; background-color: white; border: 1px #F0F0F0 solid; padding:0px 4px 0px 4px\" class=\"hierarchy\"></td><td style=\"vertical-align: top; text-align : left; background-color: white; border: 1px #F0F0F0 solid; padding:0px 4px 0px 4px\" class=\"hierarchy\">Questionnaire</td><td style=\"vertical-align: top; text-align : left; background-color: white; border: 1px #F0F0F0 solid; padding:0px 4px 0px 4px\" class=\"hierarchy\">http://www.fhir.org/guides/saig/Questionnaire/55757-9#0.0.0</td></tr>\r\n<tr style=\"border: 1px #F0F0F0 solid; padding:0px; vertical-align: top; background-color: #F7F7F7\"><td style=\"vertical-align: top; text-align : left; background-color: #F7F7F7; border: 1px #F0F0F0 solid; padding:0px 4px 0px 4px; white-space: nowrap; background-image: url(tbl_bck10.png)\" id=\"item./44250-9\" class=\"hierarchy\"><img src=\"tbl_spacer.png\" alt=\".\" style=\"background-color: inherit\" class=\"hierarchy\"/><img src=\"tbl_vjoin.png\" alt=\".\" style=\"background-color: inherit\" class=\"hierarchy\"/><img src=\"icon-q-coding.png\" alt=\".\" style=\"background-color: #F7F7F7; background-color: inherit\" title=\"Coding\" class=\"hierarchy\"/> /44250-9</td><td style=\"vertical-align: top; text-align : left; background-color: #F7F7F7; border: 1px #F0F0F0 solid; padding:0px 4px 0px 4px\" class=\"hierarchy\">Little interest or pleasure in doing things</td><td style=\"vertical-align: top; text-align : left; background-color: #F7F7F7; border: 1px #F0F0F0 solid; padding:0px 4px 0px 4px\" class=\"hierarchy\">0..1</td><td style=\"vertical-align: top; text-align : left; background-color: #F7F7F7; border: 1px #F0F0F0 solid; padding:0px 4px 0px 4px\" class=\"hierarchy\"><a href=\"http://hl7.org/fhir/R4/codesystem-item-type.html#item-type-choice\">choice</a></td><td style=\"vertical-align: top; text-align : left; background-color: #F7F7F7; border: 1px #F0F0F0 solid; padding:0px 4px 0px 4px\" class=\"hierarchy\">Options: <a href=\"#opt-item./44250-9\">4 options</a></td></tr>\r\n<tr style=\"border: 1px #F0F0F0 solid; padding:0px; vertical-align: top; background-color: white\"><td style=\"vertical-align: top; text-align : left; background-color: white; border: 1px #F0F0F0 solid; padding:0px 4px 0px 4px; white-space: nowrap; background-image: url(tbl_bck10.png)\" id=\"item./44255-8\" class=\"hierarchy\"><img src=\"tbl_spacer.png\" alt=\".\" style=\"background-color: inherit\" class=\"hierarchy\"/><img src=\"tbl_vjoin.png\" alt=\".\" style=\"background-color: inherit\" class=\"hierarchy\"/><img src=\"icon-q-coding.png\" alt=\".\" style=\"background-color: white; background-color: inherit\" title=\"Coding\" class=\"hierarchy\"/> /44255-8</td><td style=\"vertical-align: top; text-align : left; background-color: white; border: 1px #F0F0F0 solid; padding:0px 4px 0px 4px\" class=\"hierarchy\">Feeling down, depressed, or hopeless</td><td style=\"vertical-align: top; text-align : left; background-color: white; border: 1px #F0F0F0 solid; padding:0px 4px 0px 4px\" class=\"hierarchy\">0..1</td><td style=\"vertical-align: top; text-align : left; background-color: white; border: 1px #F0F0F0 solid; padding:0px 4px 0px 4px\" class=\"hierarchy\"><a href=\"http://hl7.org/fhir/R4/codesystem-item-type.html#item-type-choice\">choice</a></td><td style=\"vertical-align: top; text-align : left; background-color: white; border: 1px #F0F0F0 solid; padding:0px 4px 0px 4px\" class=\"hierarchy\">Options: <a href=\"#opt-item./44255-8\">4 options</a></td></tr>\r\n<tr style=\"border: 1px #F0F0F0 solid; padding:0px; vertical-align: top; background-color: #F7F7F7\"><td style=\"vertical-align: top; text-align : left; background-color: #F7F7F7; border: 1px #F0F0F0 solid; padding:0px 4px 0px 4px; white-space: nowrap; background-image: url(tbl_bck01.png)\" id=\"item./55758-7\" class=\"hierarchy\"><img src=\"tbl_spacer.png\" alt=\".\" style=\"background-color: inherit\" class=\"hierarchy\"/><img src=\"tbl_vjoin_end.png\" alt=\".\" style=\"background-color: inherit\" class=\"hierarchy\"/><img src=\"icon-q-decimal.png\" alt=\".\" style=\"background-color: #F7F7F7; background-color: inherit\" title=\"Decimal\" class=\"hierarchy\"/> /55758-7</td><td style=\"vertical-align: top; text-align : left; background-color: #F7F7F7; border: 1px #F0F0F0 solid; padding:0px 4px 0px 4px\" class=\"hierarchy\">Patient health questionnaire 2 item total score</td><td style=\"vertical-align: top; text-align : left; background-color: #F7F7F7; border: 1px #F0F0F0 solid; padding:0px 4px 0px 4px\" class=\"hierarchy\">0..1</td><td style=\"vertical-align: top; text-align : left; background-color: #F7F7F7; border: 1px #F0F0F0 solid; padding:0px 4px 0px 4px\" class=\"hierarchy\"><a href=\"http://hl7.org/fhir/R4/codesystem-item-type.html#item-type-decimal\">decimal</a></td><td style=\"vertical-align: top; text-align : left; background-color: #F7F7F7; border: 1px #F0F0F0 solid; padding:0px 4px 0px 4px\" class=\"hierarchy\"/></tr>\r\n<tr style=\"border: 1px #F0F0F0 solid; padding:0px; vertical-align: top; background-color: white\"><td style=\"vertical-align: top; text-align : left; background-color: white; border: 1px #F0F0F0 solid; padding:0px 4px 0px 4px; white-space: nowrap; background-image: url(tbl_bck000.png)\" id=\"item./55758-7-help\" class=\"hierarchy\"><img src=\"tbl_spacer.png\" alt=\".\" style=\"background-color: inherit\" class=\"hierarchy\"/><img src=\"tbl_blank.png\" alt=\".\" style=\"background-color: inherit\" class=\"hierarchy\"/><img src=\"tbl_vjoin_end.png\" alt=\".\" style=\"background-color: inherit\" class=\"hierarchy\"/><img src=\"icon-q-display.png\" alt=\".\" style=\"background-color: white; background-color: inherit\" title=\"Display\" class=\"hierarchy\"/> /55758-7-help</td><td style=\"vertical-align: top; text-align : left; background-color: white; border: 1px #F0F0F0 solid; padding:0px 4px 0px 4px\" class=\"hierarchy\">The PHQ-2 is the ultra-brief depression measure (using first 2 items of PHQ-9) and ranges from 0-6. Most who use the short PHQ-2 use it for screening and not for monitoring depression</td><td style=\"vertical-align: top; text-align : left; background-color: white; border: 1px #F0F0F0 solid; padding:0px 4px 0px 4px\" class=\"hierarchy\">0..1</td><td style=\"vertical-align: top; text-align : left; background-color: white; border: 1px #F0F0F0 solid; padding:0px 4px 0px 4px\" class=\"hierarchy\"><a href=\"http://hl7.org/fhir/R4/codesystem-item-type.html#item-type-display\">display</a></td><td style=\"vertical-align: top; text-align : left; background-color: white; border: 1px #F0F0F0 solid; padding:0px 4px 0px 4px\" class=\"hierarchy\"/></tr>\r\n<tr><td colspan=\"5\" class=\"hierarchy\"><br/><a href=\"http://hl7.org/fhir/R4/formats.html#table\" title=\"Legend for this format\"><img src=\"http://hl7.org/fhir/R4/help16.png\" alt=\"doco\" style=\"background-color: inherit\"/> Documentation for this format</a></td></tr></table><hr/><p><b>Option Sets</b></p><a name=\"opt-item./44250-9\"> </a><p><b>Answer options for /44250-9</b></p><ul><li style=\"font-size: 11px\">null#LA6568-5 (&quot;Not at all&quot;)</li><li style=\"font-size: 11px\">null#LA6569-3 (&quot;Several days&quot;)</li><li style=\"font-size: 11px\">null#LA6570-1 (&quot;More than half the days&quot;)</li><li style=\"font-size: 11px\">null#LA6571-9 (&quot;Nearly every day&quot;)</li></ul><a name=\"opt-item./44255-8\"> </a><p><b>Answer options for /44255-8</b></p><ul><li style=\"font-size: 11px\">null#LA6568-5 (&quot;Not at all&quot;)</li><li style=\"font-size: 11px\">null#LA6569-3 (&quot;Several days&quot;)</li><li style=\"font-size: 11px\">null#LA6570-1 (&quot;More than half the days&quot;)</li><li style=\"font-size: 11px\">null#LA6571-9 (&quot;Nearly every day&quot;)</li></ul></div>"
  },
  "url" : "http://www.fhir.org/guides/saig/Questionnaire/55757-9",
  "version" : "0.0.0",
  "title" : "Patient Health Questionnaire 2 item (PHQ-2) [Reported]",
  "status" : "draft",
  "date" : "2023-02-28T12:04:44-08:00",
  "publisher" : "Health eData Inc",
  "contact" : [{
    "telecom" : [{
      "system" : "email",
      "value" : "mailto:ehaas@healthedatainc.com"
    }]
  }],
  "code" : [{
    "system" : "http://loinc.org",
    "code" : "55757-9",
    "display" : "Patient Health Questionnaire 2 item (PHQ-2) [Reported]"
  }],
  "item" : [{
    "extension" : [{
      "url" : "http://hl7.org/fhir/StructureDefinition/questionnaire-itemControl",
      "valueCodeableConcept" : {
        "coding" : [{
          "system" : "http://hl7.org/fhir/questionnaire-item-control",
          "code" : "drop-down",
          "display" : "Drop down"
        }],
        "text" : "Drop down"
      }
    }],
    "linkId" : "/44250-9",
    "code" : [{
      "code" : "44250-9",
      "display" : "Little interest or pleasure in doing things"
    }],
    "text" : "Little interest or pleasure in doing things",
    "type" : "choice",
    "required" : false,
    "answerOption" : [{
      "extension" : [{
        "url" : "http://hl7.org/fhir/StructureDefinition/questionnaire-optionPrefix",
        "valueString" : "0"
      },
      {
        "url" : "http://hl7.org/fhir/StructureDefinition/ordinalValue",
        "valueDecimal" : 0
      }],
      "valueCoding" : {
        "code" : "LA6568-5",
        "display" : "Not at all"
      }
    },
    {
      "extension" : [{
        "url" : "http://hl7.org/fhir/StructureDefinition/questionnaire-optionPrefix",
        "valueString" : "1"
      },
      {
        "url" : "http://hl7.org/fhir/StructureDefinition/ordinalValue",
        "valueDecimal" : 1
      }],
      "valueCoding" : {
        "code" : "LA6569-3",
        "display" : "Several days"
      }
    },
    {
      "extension" : [{
        "url" : "http://hl7.org/fhir/StructureDefinition/questionnaire-optionPrefix",
        "valueString" : "2"
      },
      {
        "url" : "http://hl7.org/fhir/StructureDefinition/ordinalValue",
        "valueDecimal" : 2
      }],
      "valueCoding" : {
        "code" : "LA6570-1",
        "display" : "More than half the days"
      }
    },
    {
      "extension" : [{
        "url" : "http://hl7.org/fhir/StructureDefinition/questionnaire-optionPrefix",
        "valueString" : "3"
      },
      {
        "url" : "http://hl7.org/fhir/StructureDefinition/ordinalValue",
        "valueDecimal" : 3
      }],
      "valueCoding" : {
        "code" : "LA6571-9",
        "display" : "Nearly every day"
      }
    }]
  },
  {
    "extension" : [{
      "url" : "http://hl7.org/fhir/StructureDefinition/questionnaire-itemControl",
      "valueCodeableConcept" : {
        "coding" : [{
          "system" : "http://hl7.org/fhir/questionnaire-item-control",
          "code" : "drop-down",
          "display" : "Drop down"
        }],
        "text" : "Drop down"
      }
    }],
    "linkId" : "/44255-8",
    "code" : [{
      "code" : "44255-8",
      "display" : "Feeling down, depressed, or hopeless"
    }],
    "text" : "Feeling down, depressed, or hopeless",
    "type" : "choice",
    "required" : false,
    "answerOption" : [{
      "extension" : [{
        "url" : "http://hl7.org/fhir/StructureDefinition/questionnaire-optionPrefix",
        "valueString" : "0"
      },
      {
        "url" : "http://hl7.org/fhir/StructureDefinition/ordinalValue",
        "valueDecimal" : 0
      }],
      "valueCoding" : {
        "code" : "LA6568-5",
        "display" : "Not at all"
      }
    },
    {
      "extension" : [{
        "url" : "http://hl7.org/fhir/StructureDefinition/questionnaire-optionPrefix",
        "valueString" : "1"
      },
      {
        "url" : "http://hl7.org/fhir/StructureDefinition/ordinalValue",
        "valueDecimal" : 1
      }],
      "valueCoding" : {
        "code" : "LA6569-3",
        "display" : "Several days"
      }
    },
    {
      "extension" : [{
        "url" : "http://hl7.org/fhir/StructureDefinition/questionnaire-optionPrefix",
        "valueString" : "2"
      },
      {
        "url" : "http://hl7.org/fhir/StructureDefinition/ordinalValue",
        "valueDecimal" : 2
      }],
      "valueCoding" : {
        "code" : "LA6570-1",
        "display" : "More than half the days"
      }
    },
    {
      "extension" : [{
        "url" : "http://hl7.org/fhir/StructureDefinition/questionnaire-optionPrefix",
        "valueString" : "3"
      },
      {
        "url" : "http://hl7.org/fhir/StructureDefinition/ordinalValue",
        "valueDecimal" : 3
      }],
      "valueCoding" : {
        "code" : "LA6571-9",
        "display" : "Nearly every day"
      }
    }]
  },
  {
    "extension" : [{
      "url" : "http://hl7.org/fhir/StructureDefinition/questionnaire-unit",
      "valueCoding" : {
        "system" : "http://unitsofmeasure.org",
        "code" : "{score}",
        "display" : "{score}"
      }
    }],
    "linkId" : "/55758-7",
    "code" : [{
      "code" : "55758-7",
      "display" : "Patient health questionnaire 2 item total score"
    }],
    "text" : "Patient health questionnaire 2 item total score",
    "type" : "decimal",
    "required" : false,
    "item" : [{
      "extension" : [{
        "url" : "http://hl7.org/fhir/StructureDefinition/questionnaire-itemControl",
        "valueCodeableConcept" : {
          "coding" : [{
            "system" : "http://hl7.org/fhir/questionnaire-item-control",
            "code" : "help",
            "display" : "Help-Button"
          }],
          "text" : "Help-Button"
        }
      }],
      "linkId" : "/55758-7-help",
      "text" : "The PHQ-2 is the ultra-brief depression measure (using first 2 items of PHQ-9) and ranges from 0-6. Most who use the short PHQ-2 use it for screening and not for monitoring depression",
      "type" : "display"
    }]
  }]
}