{
  "resourceType" : "Observation",
  "id" : "55757-9-csv-to-obs-example1",
  "meta" : {
    "extension" : [{
      "url" : "http://hl7.org/fhir/StructureDefinition/instance-name",
      "valueString" : "55757-9-Csv-To-Obs-Example1"
    },
    {
      "url" : "http://hl7.org/fhir/StructureDefinition/instance-description",
      "valueMarkdown" : "This is a an example of 55757-9 Patient Health Questionnaire 2 item (PHQ-2) [Reported] for the *US Core Observation Screening Assessment Profile*"
    }],
    "profile" : ["http://hl7.org/fhir/us/core/StructureDefinition/us-core-observation-screening-assessment"]
  },
  "text" : {
    "status" : "generated",
    "div" : "<div xmlns=\"http://www.w3.org/1999/xhtml\"><p><b>Generated Narrative: Observation</b><a name=\"55757-9-csv-to-obs-example1\"> </a></p><div style=\"display: inline-block; background-color: #d9e0e7; padding: 6px; margin: 4px; border: 1px solid #8da1b4; border-radius: 5px; line-height: 60%\"><p style=\"margin-bottom: 0px\">Resource Observation &quot;55757-9-csv-to-obs-example1&quot; </p><p style=\"margin-bottom: 0px\">Profile: <code>http://hl7.org/fhir/us/core/StructureDefinition/us-core-observation-screening-assessment</code></p></div><p><b>status</b>: final</p><p><b>category</b>: Disability Status <span style=\"background: LightGoldenRodYellow; margin: 4px; border: 1px solid khaki\"> (us-core-category#disability-status)</span></p><p><b>code</b>: Patient Health Questionnaire 2 item (PHQ-2) [Reported] <span style=\"background: LightGoldenRodYellow; margin: 4px; border: 1px solid khaki\"> (<a href=\"https://loinc.org/\">LOINC</a>#55757-9)</span></p><p><b>subject</b>: <a href=\"??phinvads??\">Patient/123</a></p><p><b>effective</b>: 2021-01-01</p><p><b>performer</b>: <a href=\"??phinvads??\">Performer/rsmith</a></p><p><b>hasMember</b>: </p><ul><li><a href=\"??phinvads??\">Observation/44250-9-PHQ2Example1: Little interest or pleasure in doing things in last 2 weeks</a></li><li><a href=\"??phinvads??\">Observation/44255-8-PHQ2Example1: Feeling down, depressed, or hopeless in last 2 weeks</a></li><li><a href=\"??phinvads??\">Observation/55758-7-PHQ2Example1: Patient Health Questionnaire 2 item (PHQ-2) total score [Reported]</a></li></ul><p><b>derivedFrom</b>: <a href=\"DocumentReference-example1phq-2questionnaire.html\">DocumentReference/example1phq-2questionnaire</a></p></div>"
  },
  "status" : "final",
  "category" : [{
    "coding" : [{
      "system" : "http://hl7.org/fhir/us/core/CodeSystem/us-core-category",
      "code" : "disability-status"
    }]
  }],
  "code" : {
    "coding" : [{
      "system" : "http://loinc.org",
      "code" : "55757-9",
      "display" : "Patient Health Questionnaire 2 item (PHQ-2) [Reported]"
    }]
  },
  "subject" : {
    "reference" : "Patient/123"
  },
  "effectiveDateTime" : "2021-01-01",
  "performer" : [{
    "reference" : "Performer/rsmith"
  }],
  "hasMember" : [{
    "reference" : "Observation/44250-9-PHQ2Example1",
    "display" : "Little interest or pleasure in doing things in last 2 weeks"
  },
  {
    "reference" : "Observation/44255-8-PHQ2Example1",
    "display" : "Feeling down, depressed, or hopeless in last 2 weeks"
  },
  {
    "reference" : "Observation/55758-7-PHQ2Example1",
    "display" : "Patient Health Questionnaire 2 item (PHQ-2) total score [Reported]"
  }],
  "derivedFrom" : [{
    "reference" : "DocumentReference/example1phq-2questionnaire"
  }]
}