{
  "resourceType" : "Observation",
  "id" : "PRAPARE-Example3-93025-5",
  "meta" : {
    "extension" : [{
      "url" : "http://hl7.org/fhir/StructureDefinition/instance-name",
      "valueString" : "Prapare-Example3-93025-5"
    },
    {
      "url" : "http://hl7.org/fhir/StructureDefinition/instance-description",
      "valueMarkdown" : "This is a an example of 93025-5 Protocol for Responding to and Assessing Patients' Assets, Risks, and Experiences [PRAPARE] for the *US Core Observation Screening Assessment Profile*"
    }],
    "profile" : ["http://hl7.org/fhir/us/core/StructureDefinition/us-core-observation-screening-assessment"]
  },
  "text" : {
    "status" : "generated",
    "div" : "<div xmlns=\"http://www.w3.org/1999/xhtml\"><p><b>Generated Narrative: Observation</b><a name=\"PRAPARE-Example3-93025-5\"> </a></p><div style=\"display: inline-block; background-color: #d9e0e7; padding: 6px; margin: 4px; border: 1px solid #8da1b4; border-radius: 5px; line-height: 60%\"><p style=\"margin-bottom: 0px\">Resource Observation &quot;PRAPARE-Example3-93025-5&quot; </p><p style=\"margin-bottom: 0px\">Profile: <code>http://hl7.org/fhir/us/core/StructureDefinition/us-core-observation-screening-assessment</code></p></div><p><b>status</b>: final</p><p><b>category</b>: SDOH <span style=\"background: LightGoldenRodYellow; margin: 4px; border: 1px solid khaki\"> (us-core-category#sdoh)</span></p><p><b>code</b>: Protocol for Responding to and Assessing Patients' Assets, Risks, and Experiences [PRAPARE] <span style=\"background: LightGoldenRodYellow; margin: 4px; border: 1px solid khaki\"> (<a href=\"https://loinc.org/\">LOINC</a>#93025-5)</span></p><p><b>subject</b>: <a href=\"Patient-example.html\">Patient/example</a></p><p><b>effective</b>: 2021-02-02</p><p><b>performer</b>: <a href=\"??phinvads??\">Performer/example2</a></p><p><b>hasMember</b>: </p><ul><li><a href=\"Observation-PRAPARE-Example3-93043-8.html\">Observation/PRAPARE-Example3-93043-8: Personal characteristics [PRAPARE]</a></li><li><a href=\"Observation-PRAPARE-Example3-93042-0.html\">Observation/PRAPARE-Example3-93042-0: Family and home [PRAPARE]</a></li><li><a href=\"Observation-PRAPARE-Example3-93041-2.html\">Observation/PRAPARE-Example3-93041-2: Money and resources [PRAPARE]</a></li><li><a href=\"Observation-PRAPARE-Example3-93040-4.html\">Observation/PRAPARE-Example3-93040-4: Social and emotional health [PRAPARE]</a></li><li><a href=\"??phinvads??\">Observation/PRAPARE-Example3-93039-6: Optional additional questions [PRAPARE]</a></li></ul><p><b>derivedFrom</b>: <a href=\"DocumentReference-example3praparequestionnaire.html\">DocumentReference/example3praparequestionnaire</a></p></div>"
  },
  "status" : "final",
  "category" : [{
    "coding" : [{
      "system" : "http://hl7.org/fhir/us/core/CodeSystem/us-core-category",
      "code" : "sdoh"
    }]
  }],
  "code" : {
    "coding" : [{
      "system" : "http://loinc.org",
      "code" : "93025-5",
      "display" : "Protocol for Responding to and Assessing Patients' Assets, Risks, and Experiences [PRAPARE]"
    }]
  },
  "subject" : {
    "reference" : "Patient/example"
  },
  "effectiveDateTime" : "2021-02-02",
  "performer" : [{
    "reference" : "Performer/example2"
  }],
  "hasMember" : [{
    "reference" : "Observation/PRAPARE-Example3-93043-8",
    "display" : "Personal characteristics [PRAPARE]"
  },
  {
    "reference" : "Observation/PRAPARE-Example3-93042-0",
    "display" : "Family and home [PRAPARE]"
  },
  {
    "reference" : "Observation/PRAPARE-Example3-93041-2",
    "display" : "Money and resources [PRAPARE]"
  },
  {
    "reference" : "Observation/PRAPARE-Example3-93040-4",
    "display" : "Social and emotional health [PRAPARE]"
  },
  {
    "reference" : "Observation/PRAPARE-Example3-93039-6",
    "display" : "Optional additional questions [PRAPARE]"
  }],
  "derivedFrom" : [{
    "reference" : "DocumentReference/example3praparequestionnaire"
  }]
}