{
  "resourceType" : "Observation",
  "id" : "PRAPARE-Example3-93042-0",
  "meta" : {
    "extension" : [{
      "url" : "http://hl7.org/fhir/StructureDefinition/instance-name",
      "valueString" : "Prapare-Example3-93042-0"
    },
    {
      "url" : "http://hl7.org/fhir/StructureDefinition/instance-description",
      "valueMarkdown" : "This is a an example of 93042-0 Family and home [PRAPARE] for the *US Core Observation Screening Assessment Profile*"
    }],
    "profile" : ["http://hl7.org/fhir/us/core/StructureDefinition/us-core-observation-screening-assessment"]
  },
  "text" : {
    "status" : "generated",
    "div" : "<div xmlns=\"http://www.w3.org/1999/xhtml\"><p><b>Generated Narrative: Observation</b><a name=\"PRAPARE-Example3-93042-0\"> </a></p><div style=\"display: inline-block; background-color: #d9e0e7; padding: 6px; margin: 4px; border: 1px solid #8da1b4; border-radius: 5px; line-height: 60%\"><p style=\"margin-bottom: 0px\">Resource Observation &quot;PRAPARE-Example3-93042-0&quot; </p><p style=\"margin-bottom: 0px\">Profile: <code>http://hl7.org/fhir/us/core/StructureDefinition/us-core-observation-screening-assessment</code></p></div><p><b>status</b>: final</p><p><b>category</b>: SDOH <span style=\"background: LightGoldenRodYellow; margin: 4px; border: 1px solid khaki\"> (us-core-category#sdoh)</span></p><p><b>code</b>: Family and home [PRAPARE] <span style=\"background: LightGoldenRodYellow; margin: 4px; border: 1px solid khaki\"> (<a href=\"https://loinc.org/\">LOINC</a>#93042-0)</span></p><p><b>subject</b>: <a href=\"Patient-example.html\">Patient/example</a></p><p><b>effective</b>: 2021-02-02</p><p><b>performer</b>: <a href=\"??phinvads??\">Performer/example2</a></p><p><b>hasMember</b>: </p><ul><li><a href=\"Observation-PRAPARE-Example3-63512-8.html\">Observation/PRAPARE-Example3-63512-8: How many people are living or staying at this address [#]</a></li><li><a href=\"Observation-PRAPARE-Example3-71802-3.html\">Observation/PRAPARE-Example3-71802-3: Housing status</a></li><li><a href=\"Observation-PRAPARE-Example3-93033-9.html\">Observation/PRAPARE-Example3-93033-9: Are you worried about losing your housing [PRAPARE]</a></li><li><a href=\"Observation-PRAPARE-Example3-56799-0.html\">Observation/PRAPARE-Example3-56799-0: Address</a></li></ul><p><b>derivedFrom</b>: <a href=\"DocumentReference-example3praparequestionnaire.html\">DocumentReference/example3praparequestionnaire</a></p></div>"
  },
  "status" : "final",
  "category" : [{
    "coding" : [{
      "system" : "http://hl7.org/fhir/us/core/CodeSystem/us-core-category",
      "code" : "sdoh"
    }]
  }],
  "code" : {
    "coding" : [{
      "system" : "http://loinc.org",
      "code" : "93042-0",
      "display" : "Family and home [PRAPARE]"
    }]
  },
  "subject" : {
    "reference" : "Patient/example"
  },
  "effectiveDateTime" : "2021-02-02",
  "performer" : [{
    "reference" : "Performer/example2"
  }],
  "hasMember" : [{
    "reference" : "Observation/PRAPARE-Example3-63512-8",
    "display" : "How many people are living or staying at this address [#]"
  },
  {
    "reference" : "Observation/PRAPARE-Example3-71802-3",
    "display" : "Housing status"
  },
  {
    "reference" : "Observation/PRAPARE-Example3-93033-9",
    "display" : "Are you worried about losing your housing [PRAPARE]"
  },
  {
    "reference" : "Observation/PRAPARE-Example3-56799-0",
    "display" : "Address"
  }],
  "derivedFrom" : [{
    "reference" : "DocumentReference/example3praparequestionnaire"
  }]
}